Workbook
Name BattCellCapacity: '规格书 Datasheet'!$C$5
Name BattCellCapacity_BK: '备用电池箱 Spare Accumulator'!$C$6
Name BattCellMaxV: '规格书 Datasheet'!$C$6
Name BattCellMaxV_BK: '备用电池箱 Spare Accumulator'!$C$7
Name BattCellNomV: '规格书 Datasheet'!$C$7
Name BattCellNomV_BK: '备用电池箱 Spare Accumulator'!$C$8
Name BusCap: '预充电放电 PrechargeDischarge'!$D$10
Name CellsPerTempSensor: '电池箱 Accumulator'!$O$25
Name CellsPerTempSensor_BK: '备用电池箱 Spare Accumulator'!$O$39
Name ConnectorNames: '规格书 Datasheet'!$B$74:$B$92
Name ConnectorsTable: '规格书 Datasheet'!$A$74:$H$92
Name ConnectorTable: '规格书 Datasheet'!$B$74:$H$92
Name ContactorNames: '规格书 Datasheet'!$B$66:$B$70
Name ContactorsTable: '规格书 Datasheet'!$B$66:$H$70
Name DischargeRes: '预充电放电 PrechargeDischarge'!$J$6
Name ErrorText: "WARNING"
Name FuseName: '规格书 Datasheet'!$B$42:$B$53
Name FuseNames: '规格书 Datasheet'!$B$42:$B$53
Name FuseNoiCur: '电池箱 Accumulator'!$U$20
Name FuseNoiCur_BK: '备用电池箱 Spare Accumulator'!$U$34
Name FusesTable: '规格书 Datasheet'!$B$42:$H$53
Name FuseTable: '规格书 Datasheet'!$B$42:$H$53
Name IncompleteText: "BLANK"
Name InsulationNames: '规格书 Datasheet'!$B$96:$B$105
Name InsulationsTable: '规格书 Datasheet'!$B$96:$I$105
Name MaxTSVoltage: '电池箱 Accumulator'!$E$4
Name MaxTSVoltage_BK: '备用电池箱 Spare Accumulator'!$E$18
Name NominalTSVoltage: '电池箱 Accumulator'!$E$5
Name NominalTSVoltage_BK: '备用电池箱 Spare Accumulator'!$E$19
Name OKText: "OK"
Name PrechargeRes: '预充电放电 PrechargeDischarge'!$D$6
Name ResistorsNames: '规格书 Datasheet'!$B$57:$B$62
Name ResistorsTable: '规格书 Datasheet'!$B$57:$H$62
Name TotalCells: '电池箱 Accumulator'!$E$6
Name TotalCells_BK: '备用电池箱 Spare Accumulator'!$E$20

Sheet 总览 Overview
A1: 文档填写要求 Document Filling Requirements | J1: 结果汇总 Status | M1: 最终结果 Overall Results
A2: - 所有橙色背景的单元格均需要填写。 - 蓝色背景的单元格是自动生成的检查结果。 - 图片必须放置在指定区域上并且高清且横纵比正常。图片需要能够被放大以进行进一步审核。 - 所有要求规格书的都应该在规定位置提供下载超链接,优先放置供应商公开网址的信息,允许车队提供的网盘,但是分享链接应当是无密码且长期有效的。链接不必完整显示在文档中。 - 禁止链接到淘宝产品介绍页面。 - 额外补充信息用于补充说明审核员提出的疑点。任何文字说明信息应该做到不惜言，不赘述。 - 完成后删除所有的此单元格以外的样例(橙色图片)/说明性文字（斜体）。 - 由于反馈更改的内容必须要标为红色。未标红视为未更改。请仅标红当前最新更改部分。 - 无论当前是否已经对ESF予以通过，任何未经许可的对自动检查表格模板的修改/破解将导致该车队本年度的电检资格取消。 - 自动检查通过并不代表ESF必然获得通过。 - 推荐使用Excel编辑，WPS可能存在格式显示错误的问题。 ———— - All cells with an orange background need to be filled out. - Cells with a blue background are automatically generated inspection results. - Images must be clear and recognizable. - All required specifications should provide download hyperlinks in the designated location. Preference should be given to publicly accessible URLs from suppliers. Cloud drives provided by the team are allowed, but the shared links should be password-free and long-term valid. The links do not need to be fully displayed in the document. - Linking to online vendor product introduction pages is prohibited. - Additional supplementary information is used to supplement the doubts raised by the auditor. Any text description information should be verbose and should not be repeated. - After completion, delete all examples (orange images)/explanatory text (italic) except for this cell. - Changes made due to feedback must be marked in red. Changes not marked in red will be considered unmodified. Please only mark the most recent changes in red. - Regardless of whether the ESF has currently been approved, any unauthorized modifications/hacks to the automated checklist template will result in the team's disqualification from the electrical inspection for the current year. - Passing the automated check does not guarantee that the ESF will be approved. - It is recommended to use Excel for editing. WPS may have format display errors. | J2: 规格书 Datasheets | K2: ='规格书 Datasheet'!B1 -> OK | M2: =IF(COUNTIF(K2:K12,"="&IncompleteText),IncompleteText,IF(COUNTIF(K2:K12,"="&ErrorText),ErrorText,OKText)) -> OK
J3: 驱动系统原理图 TS Schematics | K3: ='驱动系统原理图 TS Schematics'!$B$1 -> OK
J4: 电池箱 Accumulator | K4: ='电池箱 Accumulator'!$B$1 -> OK
J5: 备用电池箱 Spare Accumulator | K5: ='备用电池箱 Spare Accumulator'!$B$1 -> OK
J6: 预充电/放电回路 Precharge/Discharge | K6: ='预充电放电 PrechargeDischarge'!B1 -> OK
J7: 充电系统 Charging | K7: ='充电 Charging'!B1 -> OK
J8: 安全系统 Shutdown circuits | K8: ='安全系统 Shutdown circuit'!B1 -> OK
J9: 扭矩输出 Torque security | K9: ='扭矩指令 Torque Security'!B1 -> OK
J10: 其他 Other | K10: ='其他 Others'!B1 -> OK
J11: 接地 Grounding | K11: ='接地 Grounding'!B1 -> OK
J12: 车队信息 Team info | K12: =O13 -> OK
J13: 车队信息 Team info | O13: =IF(COUNTIF(O14:O16,"="&IncompleteText),IncompleteText,IF(COUNTIF(O14:O16,"="&ErrorText),ErrorText,OKText)) -> OK
J14: 学校 University | K14: 合肥工业大学 | O14: =IF(ISBLANK(K14),IncompleteText,OKText) -> OK
J15: 车队名称 Team | K15: 睿智无人车队 | O15: =IF(ISBLANK(K15),IncompleteText,OKText) -> OK
J16: 车号 Car Number | K16: A10 | O16: =IF(ISBLANK(K16),IncompleteText,OKText) -> OK
J18: 驱动系统最大电压 Max TS voltage | K18: =MaxTSVoltage -> 365.4 | L18: V
J19: 主保险丝额定电流 Accumulator | K19: =FuseNoiCur -> 60 | L19: A
A21: Additional Comment - 1 | I21: Additional Comment - 2

Sheet 规格书 Datasheet
A1: 状态 Status | B1: =IF(SUM(COUNTIF(INDIRECT({"$E$2","$I$15","$I$40","$I$55","$I$64","$I$72","$J$94"}),"="&IncompleteText))>0,IncompleteText,IF(SUM(COUNTIF(INDIRECT({"$E$2","$I$15","$I$40","$I$55","$I$64","$I$72","$J$94"}),"="&ErrorText))>0,ErrorText,OKText)) -> OK
A2: 电芯单体 Battery Cell | E2: =IF(COUNTBLANK(C3:C13)>0,IncompleteText,OKText) -> OK
A3: 制造商 Make | C3: 深圳市格瑞普电池有限公司
A4: 型号 Model | C4: GRP9885155-3.8V 15000mAh
A5: 额定容量 Nominal Capacity | C5: 15.0 | D5: Ahr
A6: 最大电压 Maximum Voltage | C6: 4.35 | D6: V
A7: 额定电压 Nominal Voltage | C7: 3.8 | D7: V
A8: 最小电压 Minimum Voltage | C8: 3.0 | D8: V
A9: 最大瞬时输出电流 Max output current | C9: 300.0 | D9: A
A10: 最大连续输出电流 Max continous current | C10: 200.0 | D10: A
A11: 最大工作温度 Max Cell temp | C11: 45.0 | D11: C
A12: 电芯化学类型 Cell Chemistry | C12: 聚合物锂离子电池
A13: 说明书超链接 Link to Datasheet | C13: 电芯_GRP9885155-3.8V 15000mAh
A15: 导体信息 Conductors | I15: =IF(COUNTIF(I17:I38,"="&IncompleteText),IncompleteText,IF(COUNTIF(I17:I38,"="&ErrorText),ErrorText,OKText)) -> OK | K15: 规则参考/注释 Rules Reference/Comment | O15: Location List
A16: 制造商 Manufacturer | B16: 型号 Part number | C16: 载流截面积 Size [mm2] | D16: 额定电压 Nominal Voltage [Vdc] | E16: 额定电流 Nominal Current [A] | F16: 最大工作温度 Max Temp[C] | G16: 说明书链接 Datasheet Hyperlink | H16: 位置 Location | I16: 判定 Auto-check | J16: 注释 Additional Info | K16: `- 如果在不同位置使用了相同的导体，请增加一行重复的输入项目。 - 如果相同段落使用了多种导体，每一种导体信息都应该被填入 - 本表格更多指向铜牌，导线等 - 如果使用位置是'其他驱动系统’，请在注释列填写说明 - 检查项目包括但不限于： -- EV 4.1 -- EV 4.5 本页表格允许添加行 ———— - If the same conductor is used in different locations, please add an additional row with the repeated input item. - If multiple types of conductors are used in the same section, information for each conductor should be filled in. - If the usage location is 'Other TS,' please provide an explanation in the Additional Info column. - Rows can be added to the table on this page. | M16: ` | O16: 电芯之间 Between cells
A17: 东莞市鑫宏泰铜材 | B17: 铜排 | C17: 45.4 | D17: 365.4 | E17: 180 | F17: 125 | G17: 铜排_电芯之间 | H17: 电芯之间 | I17: =IF(COUNTBLANK(A17:H17)=8,IncompleteText,IF(AND(COUNTBLANK(A17:H17)=0,F17>=85),IF(AND(H17="其他驱动系统",COUNTBLANK(J17)=1),ErrorText,OKText),ErrorText)) -> OK | J17: 该导体为模组正负极至维护插头之间的圆柱形铜导体。实测最小半径约3.8mm，对应直径约7.6mm，按圆形截面计算有效载流截面积为π×3.8²=45.36mm²，ESF按45.4mm²填写。导体设计持续电流为180A，对应平均电流密度约3.97A/mm²。额定电压365.4VDC为车辆最大驱动系统电压；裸铜导体的绝缘耐压由绝缘支撑、电气间隙、爬电距离及电池箱结构保证。最高工作温度按连接结构中最低额定温度的部件确定，不使用铜的1083℃熔点作为工作温度依据。 | O17: 电芯到AIR Between cells and AIR
A18: 荣缆 | B18: EVRP新能源汽车屏蔽高压线 | C18: 35 | D18: 1500 | E18: 200 | F18: 125 | G18: 荣缆_电芯到AIR | H18: 电芯到AIR | I18: =IF(COUNTBLANK(A18:H18)=8,"",IF(AND(COUNTBLANK(A18:H18)=0,F18>=85),IF(AND(H18="其他驱动系统",COUNTBLANK(J18)=1),ErrorText,OKText),ErrorText)) -> OK | O18: AIR到电池箱连接器 Between AIR and Acc Connector
A19: 荣缆 | B19: EVRP新能源汽车屏蔽高压线 | C19: 35 | D19: 1500 | E19: 200 | F19: 125 | G19: 荣缆_AIR到电池箱连接器 | H19: AIR到电池箱连接器 | I19: =IF(COUNTBLANK(A19:H19)=8,"",IF(AND(COUNTBLANK(A19:H19)=0,F19>=85),IF(AND(H19="其他驱动系统",COUNTBLANK(J19)=1),ErrorText,OKText),ErrorText)) -> OK | O19: 电池箱到电机控制器 Between Acc and Motor Controller
A20: 荣缆 | B20: EVRP新能源汽车屏蔽高压线 | C20: 35 | D20: 1500 | E20: 200 | F20: 125 | G20: 荣缆_电池箱到电机控制器 | H20: 电池箱到电机控制器 | I20: =IF(COUNTBLANK(A20:H20)=8,"",IF(AND(COUNTBLANK(A20:H20)=0,F20>=85),IF(AND(H20="其他驱动系统",COUNTBLANK(J20)=1),ErrorText,OKText),ErrorText)) -> OK | O20: 电池箱到能量计Between Acc and Energy Meter
A21: 荣缆 | B21: EVRP新能源汽车屏蔽高压线 | C21: 35 | D21: 1500 | E21: 200 | F21: 125 | G21: 荣缆_电池箱到能量计 | H21: 电池箱到能量计 | I21: =IF(COUNTBLANK(A21:H21)=8,"",IF(AND(COUNTBLANK(A21:H21)=0,F21>=85),IF(AND(H21="其他驱动系统",COUNTBLANK(J21)=1),ErrorText,OKText),ErrorText)) -> OK | O21: 能量计到电机控制器 Between Energy Meter and Motor Controller
A22: 荣缆 | B22: EVRP新能源汽车屏蔽高压线 | C22: 35 | D22: 1500 | E22: 200 | F22: 125 | G22: 荣缆_能量计到电机控制器 | H22: 能量计到电机控制器 | I22: =IF(COUNTBLANK(A22:H22)=8,"",IF(AND(COUNTBLANK(A22:H22)=0,F22>=85),IF(AND(H22="其他驱动系统",COUNTBLANK(J22)=1),ErrorText,OKText),ErrorText)) -> OK | O22: TSMP采样线 TSMP detection wires
A23: 深圳市隆晟达电线电缆实业有限公司 | B23: 3135-12AWG | C23: 3 | D23: 600 | E23: 30 | F23: 200 | G23: 3135系列_TSMP采样线 | H23: TSMP采样线 | I23: =IF(COUNTBLANK(A23:H23)=8,"",IF(AND(COUNTBLANK(A23:H23)=0,F23>=85),IF(AND(H23="其他驱动系统",COUNTBLANK(J23)=1),ErrorText,OKText),ErrorText)) -> OK | O23: TSAL采样线 TSAL detection wire
A24: 深圳市隆晟达电线电缆实业有限公司 | B24: 3135-18AWG | C24: 0.75 | D24: 600 | E24: 7 | F24: 200 | G24: 3135系列_TSAL采样线 | H24: TSAL采样线 | I24: =IF(COUNTBLANK(A24:H24)=8,"",IF(AND(COUNTBLANK(A24:H24)=0,F24>=85),IF(AND(H24="其他驱动系统",COUNTBLANK(J24)=1),ErrorText,OKText),ErrorText)) -> OK | O24: 电芯单体采样线 Cell Volt Detection
A25: 深圳市隆晟达电线电缆实业有限公司 | B25: 3135-18AWG | C25: 0.75 | D25: 600 | E25: 7 | F25: 200 | G25: 3135系列_电芯单体采样线 | H25: 电芯单体采样线 | I25: =IF(COUNTBLANK(A25:H25)=8,"",IF(AND(COUNTBLANK(A25:H25)=0,F25>=85),IF(AND(H25="其他驱动系统",COUNTBLANK(J25)=1),ErrorText,OKText),ErrorText)) -> OK | O25: 电机控制器到电机 Between Motor Controller and Motors
A26: 荣缆 | B26: EVRP新能源汽车屏蔽高压线 | C26: 35 | D26: 1500 | E26: 200 | F26: 125 | G26: 荣缆_电机控制器到电芯 | H26: 电机控制器到电机 | I26: =IF(COUNTBLANK(A26:H26)=8,"",IF(AND(COUNTBLANK(A26:H26)=0,F26>=85),IF(AND(H26="其他驱动系统",COUNTBLANK(J26)=1),ErrorText,OKText),ErrorText)) -> OK | O26: 电池箱到HVD Between ACC and HVD
A27: 荣缆 | B27: EVRP新能源汽车屏蔽高压线 | C27: 35 | D27: 1500 | E27: 200 | F27: 125 | G27: 荣缆_电池箱到HVD | H27: 电池箱到HVD | I27: =IF(COUNTBLANK(A27:H27)=8,"",IF(AND(COUNTBLANK(A27:H27)=0,F27>=85),IF(AND(H27="其他驱动系统",COUNTBLANK(J27)=1),ErrorText,OKText),ErrorText)) -> OK | O27: HVD到电机控制器, Between Motor Controller and HVD
A28: 荣缆 | B28: EVRP新能源汽车屏蔽高压线 | C28: 35 | D28: 1500 | E28: 200 | F28: 125 | G28: 荣缆_HVD到电机控制器 | H28: HVD到电机控制器 | I28: =IF(COUNTBLANK(A28:H28)=8,"",IF(AND(COUNTBLANK(A28:H28)=0,F28>=85),IF(AND(H28="其他驱动系统",COUNTBLANK(J28)=1),ErrorText,OKText),ErrorText)) -> OK | O28: 预充电回路 Precharge
A29: 深圳市隆晟达电线电缆实业有限公司 | B29: 3135-12AWG | C29: 3 | D29: 600 | E29: 30 | F29: 200 | G29: 3135系列_预充电回路 | H29: 预充电回路 | I29: =IF(COUNTBLANK(A29:H29)=8,"",IF(AND(COUNTBLANK(A29:H29)=0,F29>=85),IF(AND(H29="其他驱动系统",COUNTBLANK(J29)=1),ErrorText,OKText),ErrorText)) -> OK | O29: 放电回路 Discharge
... A32: 深圳市隆晟达电线电缆实业有限公司 | B32: 3135-12AWG | C32: 3 | D32: 600 | E32: 30 | F32: 200 | G32: 3135系列_充电机AC侧 | H32: 充电机AC侧 | I32: =IF(COUNTBLANK(A32:H32)=8,"",IF(AND(COUNTBLANK(A32:H32)=0,F32>=85),IF(AND(H32="其他驱动系统",COUNTBLANK(J32)=1),ErrorText,OKText),ErrorText)) -> OK | O32: 其他驱动系统 Other TS
A33: 深圳市隆晟达电线电缆实业有限公司 | B33: 3239-24AWG | C33: 0.2 | D33: 3000 | E33: 2 | F33: 200 | G33: 3239系列_安全回路 | H33: 安全回路 | I33: =IF(COUNTBLANK(A33:H33)=8,"",IF(AND(COUNTBLANK(A33:H33)=0,F33>=85),IF(AND(H33="其他驱动系统",COUNTBLANK(J33)=1),ErrorText,OKText),ErrorText)) -> OK | J33: 包含信号线 | O33: 安全回路 Shutdown circuit
A34: 深圳市隆晟达电线电缆实业有限公司 | B34: 3239-20AWG | C34: 0.5 | D34: 3000 | E34: 5 | F34: 200 | G34: 3239系列_其他低压系统 Other LVS | H34: 其他低压系统 Other LVS | I34: =IF(COUNTBLANK(A34:H34)=8,"",IF(AND(COUNTBLANK(A34:H34)=0,F34>=85),IF(AND(H34="其他驱动系统",COUNTBLANK(J34)=1),ErrorText,OKText),ErrorText)) -> OK | J34: 应用位置：VCU信号线与电源线，硬件电路连接线，无人传感器连接线 | O34: 其他低压系统 Other LVS
A35: 荣缆 | B35: EVRP新能源汽车屏蔽高压线 | C35: 35 | D35: 1500 | E35: 200 | F35: 125 | G35: 荣缆_其他驱动系统 Other TS | H35: 其他驱动系统 Other TS | I35: =IF(COUNTBLANK(A35:H35)=8,"",IF(AND(COUNTBLANK(A35:H35)=0,F35>=85),IF(AND(H35="其他驱动系统",COUNTBLANK(J35)=1),ErrorText,OKText),ErrorText)) -> OK | J35: 应用位置：主保险丝连接、Air连接，主接插件、HVD、能量计、电机控制器、电机间连接线
A36: CNXI华西科技 | B36: SC35-6 | C36: 35 | D36: 365.4 | E36: 170 | F36: 200 | G36: 直铜鼻_其他驱动系统 Other TS | H36: 其他驱动系统 Other TS | I36: =IF(COUNTBLANK(A36:H36)=8,"",IF(AND(COUNTBLANK(A36:H36)=0,F36>=85),IF(AND(H36="其他驱动系统",COUNTBLANK(J36)=1),ErrorText,OKText),ErrorText)) -> OK | J36: 应用位置：主保险丝连接、Air连接，主接插件连接、HVD连接、能量计连接、电机控制器连接、电机间连接。温度参数来源及证明：CNXI产品资料表明，该端子本体材料为铜/紫铜，表面处理为镀锡（Terminal Body: Copper；Plating: Tin）。厂家另行确认该类紫铜镀锡端子的最高温度能力为200 ℃，因此ESF中的Max Temp填写为200 ℃。其中，CNXI产品资料用于证明端子的材料和镀层结构，200 ℃数值以厂家提供的温度能力说明为依据。该温度未列在CNXI公开产品页面中，也不是根据锡的熔点或材料性质自行推导所得。 电压参数来源及证明：车辆动力电池由84个电芯串联组成，单体电芯最高电压为4.35 V，因此牵引系统最大应用电压为： 84 × 4.35 V = 365.4 Vdc 故ESF中的Nominal Voltage填写为365.4 Vdc。该数值来源于车辆动力电池串联数量和单体最高电压，是端子在整车中的最大应用电压，不是厂家对裸铜端子给出的独立额定耐压。端子本体属于裸露导电连接件，不承担绝缘功能；其在365.4 Vdc系统中的电气安全由安装后的热缩管、绝缘护套、防护罩、电气间隙和爬电距离共同保证。
A37: CNXI华西科技 | B37: T90-35-6 | C37: 35 | D37: 365.4 | E37: 170 | F37: 200 | G37: 直角铜鼻_其他驱动系统 Other TS | H37: 其他驱动系统 Other TS | I37: =IF(COUNTBLANK(A37:H37)=8,"",IF(AND(COUNTBLANK(A37:H37)=0,F37>=85),IF(AND(H37="其他驱动系统",COUNTBLANK(J37)=1),ErrorText,OKText),ErrorText)) -> OK | J37: 应用位置：维护插头到主保险丝走线，主保险丝连接，Air连接，主接插件与HVD间走线。温度参数来源及证明：CNXI产品资料表明，该端子本体材料为铜/紫铜，表面处理为镀锡（Terminal Body: Copper；Plating: Tin）。厂家另行确认该类紫铜镀锡端子的最高温度能力为200 ℃，因此ESF中的Max Temp填写为200 ℃。其中，CNXI产品资料用于证明端子的材料和镀层结构，200 ℃数值以厂家提供的温度能力说明为依据。该温度未列在CNXI公开产品页面中，也不是根据锡的熔点或材料性质自行推导所得。 电压参数来源及证明：车辆动力电池由84个电芯串联组成，单体电芯最高电压为4.35 V，因此牵引系统最大应用电压为： 84 × 4.35 V = 365.4 Vdc 故ESF中的Nominal Voltage填写为365.4 Vdc。该数值来源于车辆动力电池串联数量和单体最高电压，是端子在整车中的最大应用电压，不是厂家对裸铜端子给出的独立额定耐压。端子本体属于裸露导电连接件，不承担绝缘功能；其在365.4 Vdc系统中的电气安全由安装后有效绝缘共同保证。
I38: =IF(COUNTBLANK(A38:H38)=8,"",IF(AND(COUNTBLANK(A38:H38)=0,F38>=85),IF(AND(H38="其他驱动系统",COUNTBLANK(J38)=1),ErrorText,OKText),ErrorText))
A40: 过流保护器件 Fuses | I40: =IF(COUNTIF(I42:I53,"="&IncompleteText),IncompleteText,IF(COUNTIF(I42:I53,"="&ErrorText),ErrorText,OKText)) -> OK | J40: 规则参考/注释 Rules Reference/Comment
A41: 制造商 Manufacturer | B41: 型号 Part number | C41: 额定电压Nominal Voltage [Vdc] | D41: 额定电流 Nominal Current [A] | E41: 额定分断电流 Interrupt (A) | F41: 最大工作温度 Max Temp[C] | G41: =G16 -> 说明书链接 Datasheet Hyperlink | H41: =H16 -> 位置 Location | I41: 判定 Auto-check | J41: 注释 Additional Info | K41: - 如果使用位置是'其他驱动系统’，请在注释列填写说明，且关于位置的表述必须和之前的导体段落文本完全一致 - 检查的项目包括但不限于 - EV 3.2 ———— If the usage location is 'Other TS,' please provide an explanation in the Additional Info column. It must the same as the expression in the 'Conductor' part
A42: Bussmann | B42: FWH-60B | C42: 500 | D42: 60 | E42: 50000 | F42: 200 | G42: FWH 500V系列规格书_电芯到AIR Between cells and AIR | H42: 电芯到AIR Between cells and AIR | I42: =IF(COUNTBLANK(A42:H42)=8,IncompleteText,IF(AND(COUNTBLANK(A42:H42)=0,F42>=85),IF(AND(H42="其他驱动系统",COUNTBLANK(J42)=1),ErrorText,OKText),ErrorText)) -> OK
A43: Bussmann | B43: FWP-60C | C43: 700 | D43: 60 | E43: 50000 | F43: 200 | G43: FWP-700V系列规格书_电池箱到电机控制器 Between Acc and Motor Controller | H43: 电池箱到电机控制器 Between Acc and Motor Controller | I43: =IF(COUNTBLANK(A43:H43)=8,"",IF(AND(COUNTBLANK(A43:H43)=0,F43>=85),IF(AND(H43="其他驱动系统",COUNTBLANK(J43)=1),ErrorText,OKText),ErrorText)) -> OK
A44: Littelfuse | B44: 0466.250NRHF | C44: 125 | D44: 0.25 | E44: 50 | F44: 90 | G44: 466 Series 1206 Fast-Acting Fuse_电芯单体采样线 Cell Volt Detection | H44: 电芯单体采样线 Cell Volt Detection | I44: =IF(COUNTBLANK(A44:H44)=8,"",IF(AND(COUNTBLANK(A44:H44)=0,F44>=85),IF(AND(H44="其他驱动系统",COUNTBLANK(J44)=1),ErrorText,OKText),ErrorText)) -> OK
A45: Bussmann | B45: PV-5A 1000VDC | C45: 1000 | D45: 5 | E45: 50000 | F45: 200 | G45: PV Series 1000Vdc 10x38mm Photovoltaic fuses_预充电回路 Precharge | H45: 预充电回路 Precharge | I45: =IF(COUNTBLANK(A45:H45)=8,"",IF(AND(COUNTBLANK(A45:H45)=0,F45>=85),IF(AND(H45="其他驱动系统",COUNTBLANK(J45)=1),ErrorText,OKText),ErrorText)) -> OK
A46: Bussmann | B46: PV-2A10F | C46: 1000 | D46: 2 | E46: 50000 | F46: 200 | G46: PV Series 1000Vdc_TSAL采样线 TSAL detection wire | H46: TSAL采样线 TSAL detection wire | I46: =IF(COUNTBLANK(A46:H46)=8,"",IF(AND(COUNTBLANK(A46:H46)=0,F46>=85),IF(AND(H46="其他驱动系统",COUNTBLANK(J46)=1),ErrorText,OKText),ErrorText)) -> OK | J46: 为高压线到电压传感器的过流保护
A47: Bussmann | B47: PV-2A10F | C47: 1000 | D47: 2 | E47: 50000 | F47: 200 | G47: PV Series 1000Vdc_电池箱到能量计Between Acc and Energy Meter | H47: 电池箱到能量计Between Acc and Energy Meter | I47: =IF(COUNTBLANK(A47:H47)=8,"",IF(AND(COUNTBLANK(A47:H47)=0,F47>=85),IF(AND(H47="其他驱动系统",COUNTBLANK(J47)=1),ErrorText,OKText),ErrorText)) -> OK | J47: 能量计电压测量线处使用
A48: Bussmann | B48: PV-2A10F | C48: 1000 | D48: 2 | E48: 50000 | F48: 200 | G48: PV Series 1000Vdc_其他驱动系统 Other TS | H48: 其他驱动系统 Other TS | I48: =IF(COUNTBLANK(A48:H48)=8,"",IF(AND(COUNTBLANK(A48:H48)=0,F48>=85),IF(AND(H48="其他驱动系统",COUNTBLANK(J48)=1),ErrorText,OKText),ErrorText)) -> OK | J48: 电池箱电压指示器保护
A49: Littelfuse | B49: 142.7010.5602 | C49: 58 | D49: 60 | E49: 2000 | F49: 125 | G49: Littelfuse142.7010.5602_其他低压系统 Other LVS | H49: 其他低压系统 Other LVS | I49: =IF(COUNTBLANK(A49:H49)=8,"",IF(AND(COUNTBLANK(A49:H49)=0,F49>=85),IF(AND(H49="其他驱动系统",COUNTBLANK(J49)=1),ErrorText,OKText),ErrorText)) -> OK | J49: 低压系统主保险丝
I50: =IF(COUNTBLANK(A50:H50)=8,"",IF(AND(COUNTBLANK(A50:H50)=0,F50>=85),IF(AND(H50="其他驱动系统",COUNTBLANK(J50)=1),ErrorText,OKText),ErrorText))
I51: =IF(COUNTBLANK(A51:H51)=8,"",IF(AND(COUNTBLANK(A51:H51)=0,F51>=85),IF(AND(H51="其他驱动系统",COUNTBLANK(J51)=1),ErrorText,OKText),ErrorText))
I52: =IF(COUNTBLANK(A52:H52)=8,"",IF(AND(COUNTBLANK(A52:H52)=0,F52>=85),IF(AND(H52="其他驱动系统",COUNTBLANK(J52)=1),ErrorText,OKText),ErrorText))
I53: =IF(COUNTBLANK(A53:H53)=8,"",IF(AND(COUNTBLANK(A53:H53)=0,F53>=85),IF(AND(H53="其他驱动系统",COUNTBLANK(J53)=1),ErrorText,OKText),ErrorText))
A55: 电阻器 Resistor | I55: =IF(COUNTIF(I57:I62,"="&IncompleteText),IncompleteText,IF(COUNTIF(I57:I62,"="&ErrorText),ErrorText,OKText)) -> OK | J55: 规则参考/注释 Rules Reference/Comment
A56: 制造商 Manufacturer | B56: 型号 Part number | C56: 额定电压 Nominal Voltage [Vdc] | D56: 电阻值 Resistance (Ω) | E56: 额定功率 Nominal Power (W) | F56: 散热器参数 Heatsink (°C/W) | G56: 说明书链接 Datasheet Hyperlink | H56: 位置 Location | I56: 判定 Auto-check | J56: 注释 Additional Info | K56: - 电阻未使用散热片可填写’未使用‘，注意此处并不是要求填写所有使用的电阻，仅关注和驱动系统安全性相关的问题 ———— If resistors are not using heat sinks, you can write 'Not used.' Note that this is not a requirement to list all resistors used, but only to focus on issues related to the safety of the TS system.
A57: 永星电子有限公司 | B57: RXG24 75w 3000Ω-J | C57: 474.3 | D57: 3000 | E57: 75 | F57: 使用铝散热器，热阻 ≤3.0 ℃/W | G57: RXG24_预充电路 Precharge | H57: 预充电路 Precharge | I57: =IF(COUNTBLANK(A57:H57)=8,IncompleteText,IF(COUNTBLANK(A57:H57)=0,OKText,ErrorText)) -> OK
A58: 湖南国腾电子有限公司 | B58: RXG24-100W-2000Ω-J | C58: 447.2 | D58: 2000 | E58: 100 | F58: 每使用独立铝散热器，热阻 ≤1.0 ℃/W | G58: RXG24_放电回路 Discharge | H58: 放电回路 Discharge | I58: =IF(COUNTBLANK(A58:H58)=8,"",IF(COUNTBLANK(A58:H58)=0,OKText,ErrorText)) -> OK
A59: 奥创 | B59: RX24-50W-10KΩ-J | C59: 707.1 | D59: 10000 | E59: 50 | F59: 未使用；50 W 型号满足无散热器功率裕量，证明详见注释部分 | G59: RX24_其他-驱动系统 Other TS | H59: 其他-驱动系统 Other TS | I59: =IF(COUNTBLANK(A59:H59)=8,"",IF(COUNTBLANK(A59:H59)=0,OKText,ErrorText)) -> OK | J59: 用于TSMP人体保护。该RX24 50 W规格的数据手册支持10 kΩ阻值，耐压上限为1000 V；对于10 kΩ、50 W，按额定功率对应的工作电压： U=√(PR)=√(50×10000)≈707.1V按本车最大TS电压365.4 V计算，根据EV 4.7.6，本车最大TS电压处于200～400 VDC区间，每个TSMP采用10 kΩ限流电阻。TS+与TS−短路时两只10 kΩ电阻串联，每只电阻实际耗散功率约3.34 W。根据RX24温度降额曲线，150 ℃时50 W电阻允许功率按60%计为30 W，仍具有约9倍功率裕量，满足EV 4.7.6要求。
I60: =IF(COUNTBLANK(A60:H60)=8,"",IF(COUNTBLANK(A60:H60)=0,OKText,ErrorText))
I61: =IF(COUNTBLANK(A61:H61)=8,"",IF(COUNTBLANK(A61:H61)=0,OKText,ErrorText))
I62: =IF(COUNTBLANK(A62:H62)=8,"",IF(COUNTBLANK(A62:H62)=0,OKText,ErrorText))
A64: 继电器/接触器/MOSFET Relay/Contactor/MOSFET | I64: =IF(COUNTIF(I66:I71,"="&IncompleteText),IncompleteText,IF(COUNTIF(I66:I71,"="&ErrorText),ErrorText,OKText)) -> OK | J64: 规则参考/注释 Rules Reference/Comment
A65: 制造商 Manufacturer | B65: 型号 Part number | C65: 额定电压 Nominal Voltage [Vdc] | D65: 额定电流 Nominal Current [A] | E65: 额定分断电流 Interrupt (A) | F65: 常开/常闭 NO/NC | G65: 说明书链接 Datasheet Hyperlink | H65: 位置 Location | I65: 判定 Auto-check | J65: 注释 Additional Info | K65: -注意此处并不是要求填写所有使用的,而是驱动系统关键的继电器 - Note that this is not a requirement to list all used relays, but only the key relays of the TS.
A66: SCII | B66: EVL250-HAD | C66: 900 | D66: 250 | E66: 2000 | F66: NO | G66: EVL250-HAD_AIR | H66: AIR | I66: =IF(COUNTBLANK(A66:H66)=8,IncompleteText,IF(COUNTBLANK(A66:H66)=0,OKText,ErrorText)) -> OK
A67: SCII | B67: LEV50-12HD | C67: 900 | D67: 50 | E67: 1250 | F67: NO | G67: LEV50-12HD_预充电 Precharge | H67: 预充电 Precharge | I67: =IF(COUNTBLANK(A67:H67)=8,"",IF(COUNTBLANK(A67:H67)=0,OKText,ErrorText)) -> OK
A68: Misensor | B68: HVR1B12 | C68: 1000 | D68: 1 | E68: 2.5 | F68: NC | G68: HVR1B12_放电 Discharge | H68: 放电 Discharge | I68: =IF(COUNTBLANK(A68:H68)=8,"",IF(COUNTBLANK(A68:H68)=0,OKText,ErrorText)) -> OK
I69: =IF(COUNTBLANK(A69:H69)=8,"",IF(COUNTBLANK(A69:H69)=0,OKText,ErrorText))
I70: =IF(COUNTBLANK(A70:H70)=8,"",IF(COUNTBLANK(A70:H70)=0,OKText,ErrorText))
A72: 连接器/接插件 Connector | I72: =IF(COUNTIF(I74:I92,"="&IncompleteText),IncompleteText,IF(COUNTIF(I74:I92,"="&ErrorText),ErrorText,OKText)) -> OK | J72: 规则参考/注释 Rules Reference/Comment
A73: 制造商 Manufacturer | B73: 型号 Part number | C73: 额定电压 Nominal Voltage [Vdc] | D73: 额定电流 Nominal Current [A] | E73: 导电面积 Size [mm2] | F73: 说明书链接 Datasheet Hyperlink | H73: 位置 Location | I73: 判定 Auto-check | J73: 注释 Additional Info | K73: - 注意HVD应当包括在此处 - HVD should be included here
A74: 四川永贵公司 | B74: YGC1052-EV-P2P | C74: 750 | D74: 200 | E74: 150 | F74: HVD_HVD | H74: HVD | I74: =IF(COUNTBLANK(A74:H74)=8,IncompleteText,IF(COUNTBLANK(A74:H74)=1,OKText,ErrorText)) -> OK
A75: 国威通 | B75: GE01-P008-35NNB-Y01 | C75: 400 | D75: 5 | E75: 0.75 | F75: 电控壳体插头_电机控制器壳体 | H75: 电机控制器壳体 | I75: =IF(COUNTBLANK(A75:H75)=8,"",IF(COUNTBLANK(A75:H75)=1,OKText,ErrorText)) -> OK
A76: Amphenol | B76: PL282X-301-35 | C76: 1000 | D76: 300 | E76: 35 | F76: PL282X-301-35_电池箱主接插件 | H76: 电池箱主接插件 | I76: =IF(COUNTBLANK(A76:H76)=8,"",IF(COUNTBLANK(A76:H76)=1,OKText,ErrorText)) -> OK
A77: Amphenol | B77: RL00801-50 | C77: 1000 | D77: 200 | E77: 35 | F77: RL00801-50_维护插头Maintenance plugs | H77: 维护插头Maintenance plugs | I77: =IF(COUNTBLANK(A77:H77)=8,"",IF(COUNTBLANK(A77:H77)=1,OKText,ErrorText)) -> OK | J77: 实际导电面积为35mm2，故此处填写35mm2
A78: Amphenol | B78: RT06142SNHEC03 | C78: 500 | D78: 23 | E78: 3 | F78: 充电机高压插头_其他驱动系统位置Other TS Connectors | H78: 其他驱动系统位置Other TS Connectors | I78: =IF(COUNTBLANK(A78:H78)=8,"",IF(COUNTBLANK(A78:H78)=1,OKText,ErrorText)) -> OK | J78: 充电机高压插头，是3mm2线转35mm2线，该线由充电机官方提供
A79: 泰科 | B79: DTM06-12S | C79: 250 | D79: 7.5 | E79: 0.75 | F79: 电控插头_电机控制器到电机 | H79: 电机控制器到电机 | I79: =IF(COUNTBLANK(A79:H79)=8,"",IF(COUNTBLANK(A79:H79)=1,OKText,ErrorText)) -> OK | J79: 该接插件仅有低压信号，规格书网址已修改，信息在Page3，导电面积为线导电面积
A80: ETA(埃塔) | B80: ETA3304-1 | C80: 1000 | D80: 32 | E80: 3 | F80: TSMP插座_其他驱动系统位置Other TS Connectors | H80: 其他驱动系统位置Other TS Connectors | I80: =IF(COUNTBLANK(A80:H80)=8,"",IF(COUNTBLANK(A80:H80)=1,OKText,ErrorText)) -> OK | J80: TSMP接插件，导电面积为线导电面积
I81: =IF(COUNTBLANK(A81:H81)=8,"",IF(COUNTBLANK(A81:H81)=1,OKText,ErrorText))
I82: =IF(COUNTBLANK(A82:H82)=8,"",IF(COUNTBLANK(A82:H82)=1,OKText,ErrorText))
I83: =IF(COUNTBLANK(A83:H83)=8,"",IF(COUNTBLANK(A83:H83)=1,OKText,ErrorText))
I84: =IF(COUNTBLANK(A84:H84)=8,"",IF(COUNTBLANK(A84:H84)=1,OKText,ErrorText))
I85: =IF(COUNTBLANK(A85:H85)=8,"",IF(COUNTBLANK(A85:H85)=1,OKText,ErrorText))
I86: =IF(COUNTBLANK(A86:H86)=8,"",IF(COUNTBLANK(A86:H86)=1,OKText,ErrorText))
I87: =IF(COUNTBLANK(A87:H87)=8,"",IF(COUNTBLANK(A87:H87)=1,OKText,ErrorText))
I88: =IF(COUNTBLANK(A88:H88)=8,"",IF(COUNTBLANK(A88:H88)=1,OKText,ErrorText))
I89: =IF(COUNTBLANK(A89:H89)=8,"",IF(COUNTBLANK(A89:H89)=1,OKText,ErrorText))
I90: =IF(COUNTBLANK(A90:H90)=8,"",IF(COUNTBLANK(A90:H90)=1,OKText,ErrorText))
I91: =IF(COUNTBLANK(A91:H91)=8,"",IF(COUNTBLANK(A91:H91)=1,OKText,ErrorText))
I92: =IF(COUNTBLANK(A92:H92)=8,"",IF(COUNTBLANK(A92:H92)=1,OKText,ErrorText))
A94: 绝缘材料 Insulation | J94: =IF(COUNTIF(J96:J105,"="&IncompleteText),IncompleteText,IF(COUNTIF(J96:J105,"="&ErrorText),ErrorText,OKText)) -> OK | K94: 规则参考/注释 Rules Reference/Comment
A95: 制造商 Manufacturer | B95: 型号 Part number | C95: 厚度 Thickness [mm] | D95: 介电强度 Dielectric strength [V/mm] | E95: 绝缘电压等级 Insultation level [V] | F95: 最大工作温度 Max Temp[C] | G95: 防火等级 Fireproof level | H95: 说明书链接 Datasheet Hyperlink | I95: 位置 Location | J95: 判定 Auto-check | K95: 注释 Comments | L95: - 如果有使用三防漆，应当包括在此处 - If conformal coating is used, it should be included here
A96: ITW | B96: FORMEX GK-17BK | C96: 0.43 | D96: 1194 | E96: =IF(OR(ISBLANK(C96),ISBLANK(D96)),"",C96*D96) -> 513.42 | F96: 115 | G96: UL 94V-0 | H96: GK系列规格_电池箱内壁 | I96: 电池箱内壁 | J96: =IF(COUNTBLANK(B96:I96)=8,IncompleteText,IF(AND(COUNTBLANK(B96:I96)=0,E96>=85),OKText,ErrorText)) -> OK
A97: 瑞阳绝缘材料 | B97: SMC不饱和聚酯纤维增强片状模塑料 | C97: 3.24 | D97: 1200 | E97: =IF(OR(ISBLANK(C97),ISBLANK(D97)),"",C97*D97) -> 3888 | F97: 240 | G97: FV0 | H97: SMC绝缘_电芯上方和周围 | I97: 电芯上方和周围 | J97: =IF(COUNTBLANK(B97:I97)=8,"",IF(AND(COUNTBLANK(B97:I97)=0,E97>=85),OKText,ErrorText)) -> OK
A98: 优必胜胶带(杭州)有限公司 | B98: K25-30G(0.055M)KAPTON TAPE | C98: 0.055 | D98: 7272 | E98: =IF(OR(ISBLANK(C98),ISBLANK(D98)),"",C98*D98) -> 399.96 | F98: 260 | G98: UL 94 V-0 | H98: K25-30G(0.055M)KAPTON TAPE_高压线束接头 | I98: 高压线束接头 | J98: =IF(COUNTBLANK(B98:I98)=8,"",IF(AND(COUNTBLANK(B98:I98)=0,E98>=85),OKText,ErrorText)) -> OK | K98: 使用位置：AIR与主熔断器、高压线缆外部。实际有效绝缘为FORMEX GK-17BK
A99: 公牛 | B99: pvc胶布 | C99: 0.15 | D99: 4000 | E99: =IF(OR(ISBLANK(C99),ISBLANK(D99)),"",C99*D99) -> 600 | F99: 80 | G99: UL 94 V-0 | H99: pvc胶布_电池箱开孔边缘 | I99: 电池箱开孔边缘 | J99: =IF(COUNTBLANK(B99:I99)=8,"",IF(AND(COUNTBLANK(B99:I99)=0,E99>=85),OKText,ErrorText)) -> OK | K99: 使用位置箱体开孔边缘，实际有效绝缘为FORMEX GK-17BK
A100: 卡夫特 | B100: K-5207 | C100: 0.4 | D100: 15000 | E100: =IF(OR(ISBLANK(C100),ISBLANK(D100)),"",C100*D100) -> 6000 | F100: 200 | G100: UL 94 V-0 | H100: 导热胶_温度传感器与电芯极耳粘接处 | I100: 温度传感器与电芯极耳粘接处 | J100: =IF(COUNTBLANK(B100:I100)=8,"",IF(AND(COUNTBLANK(B100:I100)=0,E100>=85),OKText,ErrorText)) -> OK
E101: =IF(OR(ISBLANK(C101),ISBLANK(D101)),"",C101*D101) | J101: =IF(COUNTBLANK(B101:I101)=8,"",IF(AND(COUNTBLANK(B101:I101)=0,E101>=85),OKText,ErrorText))
E102: =IF(OR(ISBLANK(C102),ISBLANK(D102)),"",C102*D102) | J102: =IF(COUNTBLANK(B102:I102)=8,"",IF(AND(COUNTBLANK(B102:I102)=0,E102>=85),OKText,ErrorText))
E103: =IF(OR(ISBLANK(C103),ISBLANK(D103)),"",C103*D103) | J103: =IF(COUNTBLANK(B103:I103)=8,"",IF(AND(COUNTBLANK(B103:I103)=0,E103>=85),OKText,ErrorText))
E104: =IF(OR(ISBLANK(C104),ISBLANK(D104)),"",C104*D104) | J104: =IF(COUNTBLANK(B104:I104)=8,"",IF(AND(COUNTBLANK(B104:I104)=0,E104>=85),OKText,ErrorText))
E105: =IF(OR(ISBLANK(C105),ISBLANK(D105)),"",C105*D105) | J105: =IF(COUNTBLANK(B105:I105)=8,"",IF(AND(COUNTBLANK(B105:I105)=0,E105>=85),OKText,ErrorText))

Sheet 驱动系统原理图 TS Schematics
A1: 状态 Status | B1: {=IF(SUM(COUNTIF(INDIRECT({"$K$28","$W$28","$K$48"}),"="&IncompleteText)),IncompleteText,IF(SUM(COUNTIF(INDIRECT({"$K$28","$W$28","$K$48"}),"="&ErrorText)),ErrorText,OKText))} -> OK
A2: 电池以外驱动系统原理图 Vehicle Tractive Schematics | M2: 电池箱内部原理图 请参考左图尺寸插入图片 Internal schematic diagram of the accumulator box Please refer to the dimensions of the left diagram to insert the image. | Y2: 补充内容 Additional comments
Y3: 能量计预留电压检测线插头型号（Molex 39299023）为官方说明书中信息
A28: 电池以外驱动系统原理图 Vehicle Tractive Schematics | K28: =IF(COUNTIF(K30:K46,"="&IncompleteText),IncompleteText,IF(COUNTIF(K30:K46,"="&ErrorText),ErrorText,OKText)) -> OK | M28: 电池箱内部原理图 Accumulator TS Schematic | W28: =IF(COUNTIF(W30:W43,"="&IncompleteText),IncompleteText,IF(COUNTIF(W30:W43,"="&ErrorText),ErrorText,OKText)) -> OK
A29: 规则参考 Rules Ref | M29: 规则参考 Rules Ref
C30: 展示电池箱以外驱动系统所有细节 Show details of all TS outside of accumulator | J30: TRUE | K30: =IF(ISBLANK(J30),IncompleteText,IF(J30,OKText,ErrorText)) -> OK | O30: 电池箱内部驱动系统细节 Details of all TS circuits within accumulator | V30: TRUE | W30: =IF(ISBLANK(V30),IncompleteText,IF(V30,OKText,ErrorText)) -> OK
C31: 电池箱被作为一个整体呈现(AIR除外) Accumulator is shown as a single element (without internal details) | J31: TRUE | K31: =IF(ISBLANK(J31),IncompleteText,IF(J31,OKText,ErrorText)) -> OK | O31: 所有的线径都有标注 All wire gauges labeled | V31: TRUE | W31: =IF(ISBLANK(V31),IncompleteText,IF(V31,OKText,ErrorText)) -> OK
A32: EV 4.5.5 | C32: 所有的线径都有标注 All wire guages labeled | J32: TRUE | K32: =IF(ISBLANK(J32),IncompleteText,IF(J32,OKText,ErrorText)) -> OK | O32: 所有的保险丝都有标注额定电流 All fuses are labeled with their ampacity | V32: TRUE | W32: =IF(ISBLANK(V32),IncompleteText,IF(V32,OKText,ErrorText)) -> OK
C33: 所有的保险丝都有标注额定电流 All fuses labedled with ampacity | J33: TRUE | K33: =IF(ISBLANK(J33),IncompleteText,IF(J33,OKText,ErrorText)) -> OK | O33: 保险丝距离电源侧线缆的距离(未保护线缆长度）Distance from fuses to positive power souces | V33: TRUE | W33: =IF(ISBLANK(V33),IncompleteText,IF(V33,OKText,ErrorText)) -> OK
C34: 保险丝位置应当对应其真实物理位置（壳体）Fuse locations represent physical location | J34: TRUE | K34: =IF(ISBLANK(J34),IncompleteText,IF(J34,OKText,ErrorText)) -> OK | O34: 保险丝位置应当对应其真实物理位置 Fuse locations represent physical location | V34: TRUE | W34: =IF(ISBLANK(V34),IncompleteText,IF(V34,OKText,ErrorText)) -> OK
A35: EV 4.2 | C35: 驱动系统壳体 TS enclosures | J35: TRUE | K35: =IF(ISBLANK(J35),IncompleteText,IF(J35,OKText,ErrorText)) -> OK | O35: 接插件标注有制造商/型号 Connectors labeled with Make/Model | V35: TRUE | W35: =IF(ISBLANK(V35),IncompleteText,IF(V35,OKText,ErrorText)) -> OK
C36: 接插件标注有制造商/型号 Connectors labeled with Make/Model | J36: TRUE | K36: =IF(ISBLANK(J36),IncompleteText,IF(J36,OKText,ErrorText)) -> OK | O36: 使用通用的原理图符号 Standard schematic symbols used | V36: TRUE | W36: =IF(ISBLANK(V36),IncompleteText,IF(V36,OKText,ErrorText)) -> OK
C37: 使用通用的原理图符号 Standard schematic symbols used | J37: TRUE | K37: =IF(ISBLANK(J37),IncompleteText,IF(J37,OKText,ErrorText)) -> OK | O37: 文字放大后清晰 All text iis readable, zooming allowed | V37: TRUE | W37: =IF(ISBLANK(V37),IncompleteText,IF(V37,OKText,ErrorText)) -> OK
C38: 文字放大后清晰 All text iis readable, zooming allowed | J38: TRUE | K38: =IF(ISBLANK(J38),IncompleteText,IF(J38,OKText,ErrorText)) -> OK | M38: EV 5.6 | O38: AIRs | V38: TRUE | W38: =IF(ISBLANK(V38),IncompleteText,IF(V38,OKText,ErrorText)) -> OK
A39: EV 4.7 | C39: TSMPs | J39: TRUE | K39: =IF(ISBLANK(J39),IncompleteText,IF(J39,OKText,ErrorText)) -> OK | M39: EV 5.4.4 - EV 5.4.5 | O39: 维护插头 Maintenance plugs | V39: TRUE | W39: =IF(ISBLANK(V39),IncompleteText,IF(V39,OKText,ErrorText)) -> OK
C40: 电机控制器 Motor controllers | J40: TRUE | K40: =IF(ISBLANK(J40),IncompleteText,IF(J40,OKText,ErrorText)) -> OK | O40: 电芯（电芯互联的部分可以简略）Cells (intercell connections may be abstracted) | V40: TRUE | W40: =IF(ISBLANK(V40),IncompleteText,IF(V40,OKText,ErrorText)) -> OK
C41: 电机 Motors | J41: TRUE | K41: =IF(ISBLANK(J41),IncompleteText,IF(J41,OKText,ErrorText)) -> OK | M41: EV 5.4.8 - EV 5.4.10 | O41: 电池箱高压指示器 High voltage indicator | V41: TRUE | W41: =IF(ISBLANK(V41),IncompleteText,IF(V41,OKText,ErrorText)) -> OK
A42: EV 4.7.6 | C42: TSMP没有熔断 TSMP not fused | J42: TRUE | K42: =IF(ISBLANK(J42),IncompleteText,IF(J42,OKText,ErrorText)) -> OK | M42: EV 5.7 | O42: 预充电回路 Precharge circuit | V42: TRUE | W42: =IF(ISBLANK(V42),IncompleteText,IF(V42,OKText,ErrorText)) -> OK
A43: EV 4.6 | C43: 数据记录仪 Energy Meter/Data Logger | J43: TRUE | K43: =IF(ISBLANK(J43),IncompleteText,IF(J43,OKText,ErrorText)) -> OK | O43: 预充电回路过流保护 precharge circuit overcurrent protections | V43: TRUE | W43: =IF(ISBLANK(V43),IncompleteText,IF(V43,OKText,ErrorText)) -> OK
A44: EV 4.9 | C44: 放电回路 Discharge circuit | J44: TRUE | K44: =IF(ISBLANK(J44),IncompleteText,IF(J44,OKText,ErrorText)) -> OK
A45: EV 4.9.3 | C45: 放电回路未熔断 Discharge not fused | J45: TRUE | K45: =IF(ISBLANK(J45),IncompleteText,IF(J45,OKText,ErrorText)) -> OK
A46: EV 4.8 | C46: HVD | J46: TRUE | K46: =IF(ISBLANK(J46),IncompleteText,IF(J46,OKText,ErrorText)) -> OK
A48: 至少在其中一副原理图中展示 Must shown on at least one schematic | K48: =IF(COUNTIF(K50:K50,"="&IncompleteText),IncompleteText,IF(COUNTIF(K50:K50,"="&ErrorText),ErrorText,OKText)) -> OK
A49: 规则参考 Rules Ref
A50: EV 6.4 | C50: IMD | J50: TRUE | K50: =IF(ISBLANK(J50),IncompleteText,IF(J50,OKText,ErrorText)) -> OK

Sheet 电池箱 Accumulator
A1: 状态 Status | B1: =IF(SUM(COUNTIF(INDIRECT({"$G$3","$G$4","$G$5","$J$8","$Q$8","$W$8","$AD$8","$AK$8","$Z$52","$Q$52","$H$52","$AI$52","$AR$52","$BA$52","$Q$83","$H$83"}),"="&IncompleteText)),IncompleteText,IF(SUM(COUNTIF(INDIRECT({"$G$3","$G$4","$G$5","$J$8","$Q$8","$W$8","$AD$8","$AK$8","$Z$52","$Q$52","$H$52","$AI$52","$AR$52","$BA$52","$Q$83","$H$83"}),"="&ErrorText)),ErrorText,OKText)) -> OK
A3: 模组连接关系 Segment-to-Segment Connection | E3: 串联 Serial | G3: =IF(ISBLANK(E3),IncompleteText,OKText) -> OK
A4: 驱动系统最大电压 Max TS voltage | E4: {=IF(E3="串联 Serial",SUM(C12:C29)*BattCellMaxV,C12*BattCellMaxV*SUM(IF(FREQUENCY(E12:E29,E12:E29)>0,1)))} -> 365.4 | F4: V | G4: =IF(MaxTSVoltage=0,IncompleteText,IF(E4>600,ErrorText,OKText)) -> OK
A5: 驱动系统额定电压 Nominal TS voltage | E5: {=IF(E3="串联 Serial",SUM(C12:C29)*BattCellNomV,C12*BattCellNomV*SUM(IF(FREQUENCY(E12:E29,E12:E29)>0,1)))} -> 319.2 | F5: V | G5: =IF(MaxTSVoltage=0,IncompleteText,IF(E5>600,ErrorText,OKText)) -> OK
A6: 电池单体数量 Total cells | E6: =SUMPRODUCT(B12:B29,C12:C29) -> 84
A8: 模组数据 Segement data | J8: =IF(COUNTIF(J9:J29,"="&IncompleteText),IncompleteText,IF(COUNTIF(J9:J29,"="&ErrorText),ErrorText,OKText)) -> OK | K8: BMS | Q8: =IF(COUNTIF(Q9:Q30,"="&IncompleteText),IncompleteText,IF(COUNTIF(Q9:Q30,"="&ErrorText),ErrorText,OKText)) -> OK | R8: 维护插头 Maintenance Plugs | W8: =IF(COUNTIF(W9:W21,"="&IncompleteText),IncompleteText,IF(COUNTIF(W9:W21,"="&ErrorText),ErrorText,OKText)) -> OK | X8: 绝缘材料 Insulating Materials | AD8: =IF(COUNTIF(AD9:AD18,"="&IncompleteText),IncompleteText,IF(COUNTIF(AD9:AD18,"="&ErrorText),ErrorText,OKText)) -> OK | AE8: [全车]自制PCB高低压隔离 High and low voltage isolation in [all] PCBs | AK8: =IF(AI9="否 No",OKText,IF(COUNTIF(AK9:AK13,"="&IncompleteText),IncompleteText,IF(COUNTIF(AK9:AK13,"="&ErrorText),ErrorText,OKText))) -> OK | AM8: [全车]自制PCB高低压隔离 High and low voltage isolation in [all] PCBs | AU8: 补充说明 Additional Comments
A9: 电芯串并关系 Cell connection order | D9: 先串后并 Serial then parallel | J9: =IF(ISBLANK(D9),IncompleteText,OKText) -> OK | K9: BMS拓扑 BMS Type | O9: 分布式 Distributed | Q9: =IF(ISBLANK(O9),IncompleteText,OKText) -> OK | R9: 接插件/连接器 Connector | U9: RL00801-50 | W9: =IF(ISBLANK(U9),IncompleteText,OKText) -> OK | X9: 电芯及电池箱内壁之间绝缘材料 Between cells and accumulator | AB9: FORMEX GK-17BK | AD9: =IF(ISBLANK(AB9),IncompleteText,OKText) -> OK | AE9: 全车是否有自制同时带高压和低压的PCB Does the entire vehicle contain any custom-made PCBs that handle both TS&LVS? | AI9: 否 No | AK9: =IF(ISBLANK(AI9),IncompleteText,OKText) -> OK | AM9: 展示所有同时包含高低压的PCB的爬电距离和电气间隙，若整车自制PCB没有同时存在TS&LVS，则忽略本条 Displays creepage and clearance distances for all PCBs containing both TS and LVS | AU9: 分隔电芯与主保险丝和air的绝缘材料已在对应板块补充说明部分说明；温度传感器方案已改为使用导热胶与极耳直接接触；补充电压指示器的实际安装位置图片；各部分补充说明文字已修改
A10: 模组编号 Segement | B10: 并联数 Parallel cells | C10: 串联数 Serial cells | D10: 温度测点数量 Temp sensors | E10: 电池箱编号 Accumulator number | F10: 模组最大电压 Max Voltage[V] | H10: 模组能量 Segement energy [MJ] | K10: BMS来源 BMS source | O10: 供应商提供 From Suppliers | Q10: =IF(ISBLANK(O10),IncompleteText,OKText) -> OK | R10: 额定电流 Ampacity | U10: =VLOOKUP(U9,ConnectorTable,3,FALSE) -> 200 | V10: A | W10: =IF(ISERROR(U10),IncompleteText,IF(E3="串联 Serial",IF(U10>=U20,OKText,ErrorText),IF(E3="并联 Parallel",IF(U10>=U12,OKText,ErrorText),IncompleteText))) -> OK | X10: 电压等级 Voltage Rating | AB10: =VLOOKUP(AB9,InsulationsTable,4,FALSE) -> 513.42 | AC10: V | AD10: =IF(ISERROR(AB10),IncompleteText,IF(AB10<MaxTSVoltage,ErrorText,OKText)) -> OK | AE10: 驱动系统电压范围 Drive system voltage range | AI10: 300V-600V | AK10: =IF(ISBLANK(AI10),IncompleteText,OKText) -> OK
K11: 制造商 Vendor | L11: 拓渝科技 | N11: 型号 Type | O11: TY-BMS2601 | Q11: =IF(O10="供应商提供 From Suppliers",IF(OR(ISBLANK(L11),ISBLANK(O11)),IncompleteText,OKText),"") -> OK | R11: 对应保险丝 Fuse provides protections | U11: FWH-60B | W11: =IF(E3="串联 Serial","",IF(ISBLANK(U11),IncompleteText,OKText)) | X11: 温度等级 Temperature Rating | AB11: =VLOOKUP(AB9,InsulationsTable,5,FALSE) -> 115 | AC11: C | AD11: =IF(ISERROR(AB11),IncompleteText,IF(AB11<90,ErrorText,OKText)) -> OK | AE11: 爬电距离计算值 Calculated creepage distance | AI11: 7.508 | AJ11: mm | AK11: =IF(ISBLANK(AI11),IncompleteText,OKText) -> OK
A12: 1 | B12: 1 | C12: 21 | D12: 8 | E12: 1 | F12: =C12*BattCellMaxV -> 91.35 | H12: =F12*B12*BattCellCapacity*0.0036 -> 4.9329 | J12: =IF(COUNTBLANK(A12:E12)>0,IncompleteText,IF(OR(F12>120,H12>6),ErrorText,OKText)) -> OK | K12: 驱动系统到低压控制系统绝缘电压 Galvanic Isolation TS to LVS | O12: 3000 | P12: V | Q12: =IF(ISBLANK(O12),IncompleteText,IF(O12<E4,ErrorText,OKText)) -> OK | R12: 保险丝额定电流 Fuse ampacity | U12: =VLOOKUP(U11,FuseTable,3,FALSE) -> 60 | V12: A | X12: 电芯上方覆盖 On top of cells | AB12: FORMEX GK-17BK | AD12: =IF(ISBLANK(AB12),IncompleteText,OKText) -> OK | AE12: 电气间隙计算值 Calculated electrical clearance | AI12: 7.508 | AJ12: mm | AK12: =IF(ISBLANK(AI12),IncompleteText,OKText) -> OK
A13: 2 | B13: 1 | C13: 21 | D13: 8 | E13: 1 | F13: =C13*BattCellMaxV -> 91.35 | H13: =F13*B13*BattCellCapacity*0.0036 -> 4.9329 | J13: =IF(COUNTBLANK(A13:E13)=4,"",IF(COUNTBLANK(A13:E13)>0,IncompleteText,IF(OR(F13>120,H13>6),ErrorText,OKText))) -> OK | K13: 模组间绝缘电压 Galvanic Isolation between segments | O13: 13125 | P13: V | Q13: =IF(ISBLANK(O13),IncompleteText,IF(O13<MAX(F12:G29),ErrorText,OKText)) -> OK | R13: AIR | X13: 电压等级 Voltage Rating | AB13: =VLOOKUP(AB12,InsulationsTable,4,FALSE) -> 513.42 | AC13: V | AD13: =IF(ISERROR(AB13),IncompleteText,IF(AB13<MaxTSVoltage,ErrorText,OKText)) -> OK | AE13: 是否三防胶覆盖 If covered with conformal coating | AI13: 否 No | AK13: =IF(ISBLANK(AI13),IncompleteText,OKText) -> OK
A14: 3 | B14: 1 | C14: 21 | D14: 8 | E14: 1 | F14: =C14*BattCellMaxV -> 91.35 | H14: =F14*B14*BattCellCapacity*0.0036 -> 4.9329 | J14: =IF(COUNTBLANK(A14:E14)=4,"",IF(COUNTBLANK(A14:E14)>0,IncompleteText,IF(OR(F14>120,H14>6),ErrorText,OKText))) -> OK | K14: 隔离器件 Galvanic Isolation devices | Q14: =IF($O$10="车队自制 Team design",IF(ISBLANK(O14),IncompleteText,OKText),"") | R14: 型号 Make/Model | U14: EVL250-HAD | W14: =IF(ISBLANK(U14),IncompleteText,OKText) -> OK | X14: 温度等级 Temperature Rating | AB14: =VLOOKUP(AB12,InsulationsTable,5,FALSE) -> 115 | AC14: C | AD14: =IF(ISERROR(AB14),IncompleteText,IF(AB14<90,ErrorText,OKText)) -> OK
A15: 4 | B15: 1 | C15: 21 | D15: 8 | E15: 1 | F15: =C15*BattCellMaxV -> 91.35 | H15: =F15*B15*BattCellCapacity*0.0036 -> 4.9329 | J15: =IF(COUNTBLANK(A15:E15)=4,"",IF(COUNTBLANK(A15:E15)>0,IncompleteText,IF(OR(F15>120,H15>6),ErrorText,OKText))) -> OK | K15: 隔离器件说明书 Galvanic Isolation devices datasheets | Q15: =IF($O$10="车队自制 Team design",IF(ISBLANK(O15),IncompleteText,OKText),"") | R15: 触点额定电压 Contactnoimal volatge | U15: =VLOOKUP(U14,ContactorsTable,2,FALSE) -> 900 | V15: Vdc | W15: =IF(ISERROR(U15),IncompleteText,IF(U15<MaxTSVoltage,ErrorText,OKText)) -> OK | X15: AIR,主保险丝与电芯之间 Between AIRs and Cells | AB15: FORMEX GK-17BK | AD15: =IF(ISBLANK(AB15),IncompleteText,OKText) -> OK
A16: 5 | F16: =C16*BattCellMaxV -> 0 | H16: =F16*B16*BattCellCapacity*0.0036 -> 0 | J16: =IF(COUNTBLANK(A16:E16)=4,"",IF(COUNTBLANK(A16:E16)>0,IncompleteText,IF(OR(F16>120,H16>6),ErrorText,OKText))) | K16: 电芯电压测量 Voltage Sense Leads | R16: 最大分断电流 Max switching current | U16: =VLOOKUP(U14,ContactorsTable,4,FALSE) -> 2000 | V16: A | X16: 电压等级 Voltage Rating | AB16: =VLOOKUP(AB15,InsulationsTable,4,FALSE) -> 513.42 | AC16: V | AD16: =IF(ISERROR(AB16),IncompleteText,IF(AB16<MaxTSVoltage,ErrorText,OKText)) -> OK
A17: 6 | F17: =C17*BattCellMaxV -> 0 | H17: =F17*B17*BattCellCapacity*0.0036 -> 0 | J17: =IF(COUNTBLANK(A17:E17)=4,"",IF(COUNTBLANK(A17:E17)>0,IncompleteText,IF(OR(F17>120,H17>6),ErrorText,OKText))) | K17: 最长采样线线缆长度 Max lead length | O17: 40 | P17: cm | Q17: =IF(ISBLANK(O17),IncompleteText,OKText) -> OK | R17: 额定电流 Max continuous current | U17: =VLOOKUP(U14,ContactorsTable,3,FALSE) -> 250 | V17: A | W17: =IF(ISERROR(U17),IncompleteText,IF(U17>=U20,OKText,ErrorText)) -> OK | X17: 温度等级 Temperature Rating | AB17: =VLOOKUP(AB15,InsulationsTable,5,FALSE) -> 115 | AC17: C | AD17: =IF(ISERROR(AB17),IncompleteText,IF(AB17<90,ErrorText,OKText)) -> OK
A18: 7 | F18: =C18*BattCellMaxV -> 0 | H18: =F18*B18*BattCellCapacity*0.0036 -> 0 | J18: =IF(COUNTBLANK(A18:E18)=4,"",IF(COUNTBLANK(A18:E18)>0,IncompleteText,IF(OR(F18>120,H18>6),ErrorText,OKText))) | K18: 采样线过流保护器件型号 Sense lead overprotection device | O18: 0466.250NRHF | Q18: =IF(ISBLANK(O18),IncompleteText,OKText) -> OK | R18: 主保险丝 Main Fuse | X18: 防火等级 Flammability Rating | AB18: =VLOOKUP(AB15,InsulationsTable,6,FALSE) -> UL 94V-0 | AD18: =IF(ISNA(AB18),IncompleteText,OKText) -> OK
A19: 8 | F19: =C19*BattCellMaxV -> 0 | H19: =F19*B19*BattCellCapacity*0.0036 -> 0 | J19: =IF(COUNTBLANK(A19:E19)=4,"",IF(COUNTBLANK(A19:E19)>0,IncompleteText,IF(OR(F19>120,H19>6),ErrorText,OKText))) | K19: 过流保护器件位置 Overcurrent protection device location | O19: BMS PCB | Q19: =IF(ISBLANK(O19),IncompleteText,OKText) -> OK | R19: 主保险丝 Main Fuse | U19: FWH-60B | W19: =IF(ISBLANK(U19),IncompleteText,OKText) -> OK
A20: 9 | F20: =C20*BattCellMaxV -> 0 | H20: =F20*B20*BattCellCapacity*0.0036 -> 0 | J20: =IF(COUNTBLANK(A20:E20)=4,"",IF(COUNTBLANK(A20:E20)>0,IncompleteText,IF(OR(F20>120,H20>6),ErrorText,OKText))) | K20: 其他位置说明 | Q20: =IF(O19="其他 Other",IF(ISBLANK(O20),IncompleteText,OKText),"") | R20: 额定电流 Max fuse ampacity | U20: =VLOOKUP(U19,FuseTable,3,FALSE) -> 60 | V20: A
A21: 10 | F21: =C21*BattCellMaxV -> 0 | H21: =F21*B21*BattCellCapacity*0.0036 -> 0 | J21: =IF(COUNTBLANK(A21:E21)=4,"",IF(COUNTBLANK(A21:E21)>0,IncompleteText,IF(OR(F21>120,H21>6),ErrorText,OKText))) | K21: 过流保护电压等级 Overcurrent voltage rating | O21: =VLOOKUP(O18,FuseTable,2,FALSE) -> 125 | Q21: =IF(ISERROR(O21),IncompleteText,IF(AND(O21<MAX(F12:G29),O9="集中式 Centralized"),ErrorText,OKText)) -> OK | R21: 额定电压 Main fuse voltage | U21: =VLOOKUP(U19,FuseTable,2,FALSE) -> 500 | V21: V | W21: =IF(U21<MaxTSVoltage,ErrorText,OKText) -> OK
A22: 11 | F22: =C22*BattCellMaxV -> 0 | H22: =F22*B22*BattCellCapacity*0.0036 -> 0 | J22: =IF(COUNTBLANK(A22:E22)=4,"",IF(COUNTBLANK(A22:E22)>0,IncompleteText,IF(OR(F22>120,H22>6),ErrorText,OKText))) | K22: 温度传感器
A23: 12 | F23: =C23*BattCellMaxV -> 0 | H23: =F23*B23*BattCellCapacity*0.0036 -> 0 | J23: =IF(COUNTBLANK(A23:E23)=4,"",IF(COUNTBLANK(A23:E23)>0,IncompleteText,IF(OR(F23>120,H23>6),ErrorText,OKText))) | K23: 温度传感器位置 Temp sensor location | O23: 极耳 Cell tabs | Q23: =IF(ISBLANK(O23),IncompleteText,OKText) -> OK
A24: 13 | F24: =C24*BattCellMaxV -> 0 | H24: =F24*B24*BattCellCapacity*0.0036 -> 0 | J24: =IF(COUNTBLANK(A24:E24)=4,"",IF(COUNTBLANK(A24:E24)>0,IncompleteText,IF(OR(F24>120,H24>6),ErrorText,OKText))) | K24: 距离极耳距离 Distance to terminal | P24: mm | Q24: =IF(O23="极耳 Cell tabs","",IF(ISBLANK(O24),IncompleteText,IF(O24<10,OKText,ErrorText)))
A25: 14 | F25: =C25*BattCellMaxV -> 0 | H25: =F25*B25*BattCellCapacity*0.0036 -> 0 | J25: =IF(COUNTBLANK(A25:E25)=4,"",IF(COUNTBLANK(A25:E25)>0,IncompleteText,IF(OR(F25>120,H25>6),ErrorText,OKText))) | K25: 单个测点测量的电芯数量 Cells sensed per sensor | O25: 1 | P25: cells | Q25: =IF(ISBLANK(O25),IncompleteText,OKText) -> OK
A26: 15 | F26: =C26*BattCellMaxV -> 0 | H26: =F26*B26*BattCellCapacity*0.0036 -> 0 | J26: =IF(COUNTBLANK(A26:E26)=4,"",IF(COUNTBLANK(A26:E26)>0,IncompleteText,IF(OR(F26>120,H26>6),ErrorText,OKText))) | K26: 导热材料型号(如果有) Thermal contact material (if used) | O26: 卡夫特K-5207
A27: 16 | F27: =C27*BattCellMaxV -> 0 | H27: =F27*B27*BattCellCapacity*0.0036 -> 0 | J27: =IF(COUNTBLANK(A27:E27)=4,"",IF(COUNTBLANK(A27:E27)>0,IncompleteText,IF(OR(F27>120,H27>6),ErrorText,OKText))) | K27: 导热材料说明书链接 Thermal contact material datasheet | O27: 导热胶_温度传感器与电芯极耳粘接处 | Q27: =IF(ISBLANK($O$26),"",IF(ISBLANK(O27),IncompleteText,OKText)) -> OK
A28: 17 | F28: =C28*BattCellMaxV -> 0 | H28: =F28*B28*BattCellCapacity*0.0036 -> 0 | J28: =IF(COUNTBLANK(A28:E28)=4,"",IF(COUNTBLANK(A28:E28)>0,IncompleteText,IF(OR(F28>120,H28>6),ErrorText,OKText))) | K28: 导热材料热导率 Thermal contact material conductivity | O28: 2.5 ± 0.5 | P28: W/(m∙K) | Q28: =IF(ISBLANK($O$26),"",IF(ISBLANK(O28),IncompleteText,OKText)) -> OK
A29: 18 | F29: =C29*BattCellMaxV -> 0 | H29: =F29*B29*BattCellCapacity*0.0036 -> 0 | J29: =IF(COUNTBLANK(A29:E29)=4,"",IF(COUNTBLANK(A29:E29)>0,IncompleteText,IF(OR(F29>120,H29>6),ErrorText,OKText))) | K29: 导热材料厚度 Thermal contact material thickness | O29: 0.4 | P29: mm | Q29: =IF(ISBLANK($O$26),"",IF(ISBLANK(O29),IncompleteText,OKText)) -> OK
K30: 温度测量覆盖率 Precentage of cells sensed | O30: =SUMIF(J12:J29,"=OK",D12:D29)*CellsPerTempSensor/TotalCells*100 -> 38.095238 | P30: % | Q30: =IF(ISERROR(O30),IncompleteText,IF(O30<20,ErrorText,OKText)) -> OK
A33: 维护插头示意图/照片 Pictures of Maintenance Plugs | J33: 极耳连接以及电芯固定示意图/照片 Picture of Cell Connections | S33: 温度传感器布置图 Picture of Temperature Sensor Location | AB33: 主保险丝和AIR和电芯分隔 Picture of Fuse and AIR Separation from cells | AK33: 电芯与电池箱内壁的绝缘 Picture of Segment Insulation between Cell Terminal and Sides of Accumulator Container | AT33: 模组上方绝缘 Picture of Insulation on Top of Segment
A52: 维护插头示意图/照片 Pictures of Maintenance Plugs | H52: =IF(COUNTIF(H53:H56,"="&IncompleteText),IncompleteText,IF(COUNTIF(H53:H56,"="&ErrorText),ErrorText,OKText)) -> OK | J52: 极耳连接以及电芯固定示意图/照片 Picture of Cell Connections | Q52: =IF(COUNTIF(Q53:Q55,"="&IncompleteText),IncompleteText,IF(COUNTIF(Q53:Q55,"="&ErrorText),ErrorText,OKText)) -> OK | S52: 温度传感器布置图 Picture of Temperature Sensor Location | Z52: =IF(COUNTIF(Z53:Z54,"="&IncompleteText),IncompleteText,IF(COUNTIF(Z53:Z54,"="&ErrorText),ErrorText,OKText)) -> OK | AB52: 主保险丝和AIR和电芯分隔 Picture of Fuse and AIR Separation from cells | AI52: =IF(COUNTIF(AI53,"="&IncompleteText),IncompleteText,IF(COUNTIF(AI53,"="&ErrorText),ErrorText,OKText)) -> OK | AK52: 模组绝缘 Segment Insulation | AR52: =IF(COUNTIF(AR53,"="&IncompleteText),IncompleteText,IF(COUNTIF(AR53,"="&ErrorText),ErrorText,OKText)) -> OK | AT52: 模组上方绝缘 Insulation on Top of Segment | BA52: =IF(COUNTIF(BA53,"="&IncompleteText),IncompleteText,IF(COUNTIF(BA53,"="&ErrorText),ErrorText,OKText)) -> OK
A53: 防止误插 Unique configurations of plugs | G53: TRUE | H53: =IF(ISBLANK(G53),IncompleteText,IF(G53,OKText,ErrorText)) -> OK | J53: 如果极耳采用紧固件压接，紧固件防松 Positive locking if bolted connections | P53: TRUE | Q53: =IF(ISBLANK(P53),IncompleteText,IF(P53,OKText,ErrorText)) -> OK | S53: 温度传感器直接接触极耳或者总线 Sensor in direct contact with terminal or busbar | Y53: TRUE | Z53: =IF(ISBLANK(Y53),IncompleteText,IF(Y53,OKText,ErrorText)) -> OK | AB53: 主保险丝和AIR和电芯分隔 Fuse and AIR Separation from cells | AH53: TRUE | AI53: =IF(ISBLANK(AH53),IncompleteText,IF(AH53,OKText,ErrorText)) -> OK | AK53: 电芯和电池箱内部绝缘 Insulation between cells and accumulator | AQ53: TRUE | AR53: =IF(ISBLANK(AQ53),IncompleteText,IF(AQ53,OKText,ErrorText)) -> OK | AT53: 模组上方绝缘 Insulation on Top of Segment | AZ53: TRUE | BA53: =IF(ISBLANK(AZ53),IncompleteText,IF(AZ53,OKText,ErrorText)) -> OK
A54: 非载流面绝缘 Non-conductive on un-necessary surface | G54: TRUE | H54: =IF(ISBLANK(G54),IncompleteText,IF(G54,OKText,ErrorText)) -> OK | J54: 极耳不受机械负载 No mechanic load on cell tabs | P54: TRUE | Q54: =IF(ISBLANK(P54),IncompleteText,IF(P54,OKText,ErrorText)) -> OK | S54: 未直接接触但足够近 Distance from sensor to cell negative terminal sufficienly close | Y54: TRUE | Z54: =IF(ISBLANK(Y54),IncompleteText,IF(Y54,OKText,ErrorText)) -> OK | AB54: 补充说明 Additional Comments | AI54: 规则参考 Rules Ref | AK54: 补充说明 Additional Comments | AR54: 规则参考 Rules Ref | AT54: 补充说明 Additional Comments | BA54: 规则参考 Rules Ref
A55: 安装不需要拆除电池箱部件 Accessible without additional desassembly | G55: TRUE | H55: =IF(ISBLANK(G55),IncompleteText,IF(G55,OKText,ErrorText)) -> OK | J55: 电芯在各个方向有限位，且受力面没有过小 Positions limits on all directions, sufficient surface with load | P55: TRUE | Q55: =IF(ISBLANK(P55),IncompleteText,IF(P55,OKText,ErrorText)) -> OK | S55: 补充说明 Additional Comments | Z55: 规则参考 Rules Ref | AB55: 主保险丝及AIR与电芯模组、金属电池箱之间不以空气作为绝缘。其朝向电芯模组和金属箱体的暴露表面采用K25-30G聚酰亚胺绝缘胶带连续包覆，单层厚度0.055 mm，实际不少于3层，总厚度不小于0.165 mm；外侧另设置连续的Formex GK-17BK绝缘阻燃隔离层。上述材料覆盖可能接近电芯模组或金属箱体的带电端子及导电表面，并通过结构固定防止移位，使主保险丝和AIR与电池箱其余部分之间形成实体绝缘阻燃隔离。ABS结构件仅作为机械支撑和附加防护，不作为主要阻燃证明依据。 | AI55: EV 5.5.14 | AK55: 每个电芯模组采用独立的刚性壳体进行机械隔离，模组壳体与金属隔板及电池箱体之间设置连续的Formex GK-17BK绝缘阻燃层。相邻模组之间由模组壳体、箱内隔板及Formex绝缘层形成实体隔离，绝缘结构覆盖可能接近电芯极耳、连接片及其他带电部件的位置，不以空气间隙作为唯一绝缘，从而防止模组之间以及模组与金属箱体之间发生短路或电弧。 | AR55: EV 5.4.6 | AT55: 各模组顶部设置与模组壳体螺栓固定的刚性盖板，盖板下方连续铺设Formex GK-17BK绝缘阻燃层。顶部盖板及Formex绝缘层完整覆盖电芯极耳、连接片和其他可能裸露的带电部位，装配后不存在可使掉落零件或工具直接接触带电导体的开口，从而防止维护过程中因零件或工具掉落造成模组内部短路或意外电弧。 | BA55: EV 5.4.6
A56: 主动锁紧/防松 Postive locking | G56: TRUE | H56: =IF(ISBLANK(G56),IncompleteText,IF(G56,OKText,ErrorText)) -> OK | J56: 电芯受力面应当占该表面的80% Surface with load: >= 80% | P56: TRUE | Q56: Recommended
A57: 补充说明 Additional Comments | H57: 规则参考 Rules Ref | J57: 补充说明 Additional Comments | Q57: 规则参考 Rules Ref | S57: 温度传感器布置在能够代表电芯最高温度的负极极耳激光焊接区域，并沿大电流路径直接粘接在极耳焊接表面，同时避开与母线直接接触的端子位置。传感器采用卡夫特K-5207导热绝缘胶固定，装配后胶层厚度约0.4 mm，可形成稳定的直接热接触并防止传感器因振动发生位移。该导热胶导热系数为2.5±0.5 W/(m·K)、体积电阻率为1.0×10¹⁴ Ω·cm、击穿强度不低于15 kV/mm、阻燃等级为UL94 V-0。按0.4 mm胶层计算的理论耐压约为6 kV，高于车辆365.4 V最大TS电压。 | Z57: EV 5.8.4
A58: 维护插头采用带机械防错键位和主动锁扣的绝缘连接器，分别设置在模组串联连接位置。通过模组壳体限位结构、插接方向及高压线束长度限制实现唯一匹配，避免不同位置的插头交叉误插。插头非载流表面均由绝缘壳体覆盖；电池箱开盖后，无需拆除模组或其他电池箱部件即可徒手拆装。插头完全插合后由机械锁扣主动锁紧，插合和断开状态可目视确认。移除维护插头后，电池箱内部模组串联回路及串联首、末端均实现电气分离。 | H58: EV 5.4.4 - EV 5.4.5 | J58: 电芯极耳采用激光焊接与连接片形成永久性导电连接，不采用极耳螺栓压紧连接。蓝色刚性焊接支撑板以及模组端部、侧面和底部限位结构共同承受机械载荷，并限制电芯在纵向、侧向及垂直方向的移动；极耳仅用于导电，不作为结构承载件，且不会被压入电芯本体。每个软包电芯之间均设置刚性支撑板，不属于无刚性隔板分隔的直接堆叠结构。 | Q58: EV 5.5.10 - EV 5.5.12
A64: 电池箱高压指示器原理图 Accumulator HV indicator | J64: 备用电芯(含供电检检查等)存放容器，若没有备用电芯则忽略本条 Storage container for spare battery cells (including provisions for inspection, etc.); if no spare cells are present, disregard this item.
A83: 电池箱高压指示器原理图 Accumulator HV indicator | H83: =IF(COUNTIF(H84:H92,"="&IncompleteText),IncompleteText,IF(COUNTIF(H84:H92,"="&ErrorText),ErrorText,OKText)) -> OK | J83: 备用电芯存放容器 Spare Battery Storage Container | Q83: =IF(P84="否 No",OKText,IF(COUNTIF(Q85:Q87,"="&IncompleteText),IncompleteText,IF(COUNTIF(Q85:Q87,"="&ErrorText),ErrorText,OKText))) -> OK
A84: 高压指示器来源 Indicator source | G84: 供应商采购 From suppliers | H84: =IF(ISBLANK(G84),IncompleteText,OKText) -> OK | J84: 是否有备用电芯（含用于电检检查的电芯）Whether there are spare cells (including cells used for electrical inspection) | P84: 否 No | Q84: =IF(ISBLANK(P84),IncompleteText,OKText) -> OK
A85: 电压传感器绝缘电压 Galvanic Isolation (Vdc) | G85: 2000Vdc | H85: =IF(G$84="车队自制电路 Self-designed",OKText,IF(ISBLANK(G85),IncompleteText,IF(G85>MaxTSVoltage,OKText,ErrorText))) -> OK | J85: 备用电芯必须存放在阻燃容器中 Spare cells must be stored in a fire retardant container | P85: TRUE | Q85: =IF(ISBLANK(P85),IncompleteText,IF(P85,OKText,ErrorText)) -> OK
A86: 电压传感器说明书超链接 Volatge sense device datasheet | G86: 高压指示器-电压传感器 | H86: =IF(G$84="车队自制电路 Self-designed",OKText,IF(ISBLANK(G86),IncompleteText,OKText)) -> OK | J86: 备用电芯被牢固固定 The spare cell is securely fastened | Q86: =IF(ISBLANK(P86),IncompleteText,IF(P86,OKText,ErrorText)) -> BLANK
A87: 原理图清晰可读 Schematic clear and readable | G87: TRUE | H87: =IF(G$84="供应商采购 From suppliers",OKText,IF(ISBLANK(G87),IncompleteText,IF(G87,OKText,ErrorText))) -> OK | J87: 容器有明显标识 Containers are clearly labeled | Q87: =IF(ISBLANK(P87),IncompleteText,IF(P87,OKText,ErrorText)) -> BLANK
A88: 标注所有的驱动系统元器件（包括接插件）的型号和额定电压 All TS components Noimal Voltages | G88: TRUE | H88: =IF(G$84="供应商采购 From suppliers",OKText,IF(ISBLANK(G88),IncompleteText,IF(G88,OKText,ErrorText))) -> OK | J88: 补充说明 Additional Comments | Q88: 规则参考 Rules Ref
A89: 隔离器件的说明书超链接 Datasheet of TS/LVS isolation datasee | H89: =IF(G$84="供应商采购 From suppliers",OKText,IF(ISBLANK(G89),IncompleteText,OKText)) -> OK | Q89: EV 5.3.3 EV 5.3.4
A90: 标注驱动系统电阻的额定功率(如果有) Noimal power of TS resistor (if exists) | H90: =IF(G$84="供应商采购 From suppliers",OKText,IF(ISBLANK(G90),IncompleteText,IF(ISBLANK(G90),ErrorText,OKText))) -> OK
A91: 驱动系统电路保险丝型号 TS fuses | G91: PV-2A10F | H91: =IF(ISBLANK(G91),IncompleteText,OKText) -> OK
A92: 如果阈值是固定的，给出计算过程（下方补充说明）If the threshold is fixed, give caculation below | G92: TRUE | H92: =IF(ISBLANK(G92),IncompleteText,IF(G92,OKText,ErrorText)) -> OK
A94: 补充说明 Additional comments
A95: 电压表方案直接接入AIR输出端，纯硬件回路，无需软件，独立由TS供电，满足EV 5.4.10；电压表为连续模拟量显示，不存在EV 5.4.8仅针对红色LED指示灯规定的触发阈值，故无需提供阈值计算。高压指示器 91C4 表头支路与 BD100 电压传感器支路均由 PV-2A10F 1000V/2A 保险丝保护；FWH-60B 为电池箱 HV+ 主回路上游主熔断器（继电器已省略）。 电池组由84节单体串联组成。电芯规格书给出的单体交流内阻为≤1.5 mΩ（1 kHz）。按1.5 mΩ作为短路电流量级估算值，仅考虑电芯内阻时，电池组等效内阻约为0.126 Ω，对应短路电流约2.90 kA。由于规格书给出的1.5 mΩ为交流内阻上限，该计算仅用于短路电流量级校核，不能作为最大可能短路电流的严格上界。所选FWH-60B/FWP-60C熔断器额定分断能力均为50 kA，明显高于上述估算电流水平。

Sheet 备用电池箱 Spare Accumulator
A1: 状态 Status | B1: =IF(N1="否 No",OKText,IF(SUM(COUNTIF(INDIRECT({"$E$3","$G$17","$G$18","$G$19","$J$22","$Q$22","$W$22","$AD$22","$AK$22","$Z$66","$Q$66","$H$66","$AI$66","$AR$66","$BA$66","$Q$97","$H$97"}),"="&IncompleteText)),IncompleteText,IF(SUM(COUNTIF(INDIRECT({"$E$3","$G$17","$G$18","$G$19","$J$22","$Q$22","$W$22","$AD$22","$AK$22","$Z$66","$Q$66","$H$66","$AI$66","$AR$66","$BA$66","$Q$97","$H$97"}),"="&ErrorText)),ErrorText,OKText))) -> OK | I1: 是否有备用电池箱 Whether exist spare accumulator | N1: 否 No
A3: 电芯单体 Battery Cell | E3: =IF(COUNTBLANK(C4:C14)>0,IncompleteText,OKText) -> BLANK
A4: 制造商 Make | I4: 说明：如果没有备用电池箱或备用电池箱采用完全相同的设计，此页可忽略 Note: If there is no spare accumulator or the spare accumulator has the same design, this page can be ignored.
A5: 型号 Model
A6: 额定容量 Nominal Capacity | D6: Ahr
A7: 最大电压 Maximum Voltage | D7: V
A8: 额定电压 Nominal Voltage | D8: V
A9: 最小电压 Minimum Voltage | D9: V
A10: 最大瞬时输出电流 Max output current | D10: A
A11: 最大连续输出电流 Max continous current | D11: A
A12: 最大工作温度 Max Cell temp | D12: C
A13: 电芯化学类型 Cell Chemistry
A14: 说明书超链接 Link to Datasheet
A17: 模组连接关系 Segment-to-Segment Connection | G17: =IF(ISBLANK(E17),IncompleteText,OKText) -> BLANK
A18: 驱动系统最大电压 Max TS voltage | E18: =IF(E17="串联 Serial",SUM(C26:C43)*BattCellMaxV_BK,C26*BattCellMaxV_BK*SUM(IF(FREQUENCY(E26:E43,E26:E43)>0,1))) -> 0 | F18: V | G18: =IF(MaxTSVoltage=0,IncompleteText,IF(E18>600,ErrorText,OKText)) -> OK
A19: 驱动系统额定电压 Nominal TS voltage | E19: =IF(E17="串联 Serial",SUM(C26:C43)*BattCellNomV_BK,C26*BattCellNomV_BK*SUM(IF(FREQUENCY(E26:E43,E26:E43)>0,1))) -> 0 | F19: V | G19: =IF(MaxTSVoltage=0,IncompleteText,IF(E19>600,ErrorText,OKText)) -> OK
A20: 电池单体数量 Total cells | E20: =SUMPRODUCT(B26:B43,C26:C43) -> 0
A22: 模组数据 Segement data | J22: =IF(COUNTIF(J23:J43,"="&IncompleteText),IncompleteText,IF(COUNTIF(J23:J43,"="&ErrorText),ErrorText,OKText)) -> BLANK | K22: BMS | Q22: =IF(COUNTIF(Q23:Q44,"="&IncompleteText),IncompleteText,IF(COUNTIF(Q23:Q44,"="&ErrorText),ErrorText,OKText)) -> BLANK | R22: 维护插头 Maintenance Plugs | W22: =IF(COUNTIF(W23:W35,"="&IncompleteText),IncompleteText,IF(COUNTIF(W23:W35,"="&ErrorText),ErrorText,OKText)) -> BLANK | X22: 绝缘材料 Insulating Materials | AD22: =IF(COUNTIF(AD23:AD32,"="&IncompleteText),IncompleteText,IF(COUNTIF(AD23:AD32,"="&ErrorText),ErrorText,OKText)) -> BLANK | AE22: [全车]自制PCB高低压隔离 High and low voltage isolation in [all] PCBs | AK22: =IF(AI23="否 No",OKText,IF(COUNTIF(AK23:AK27,"="&IncompleteText),IncompleteText,IF(COUNTIF(AK23:AK27,"="&ErrorText),ErrorText,OKText))) -> BLANK | AM22: [全车]自制PCB高低压隔离 High and low voltage isolation in [all] PCBs | AU22: 补充说明 Additional Comments
A23: 电芯串并关系 Cell connection order | J23: =IF(ISBLANK(D23),IncompleteText,OKText) -> BLANK | K23: BMS拓扑 BMS Type | Q23: =IF(ISBLANK(O23),IncompleteText,OKText) -> BLANK | R23: 接插件/连接器 Connector | W23: =IF(ISBLANK(U23),IncompleteText,OKText) -> BLANK | X23: 电芯及电池箱内壁之间绝缘材料 Between cells and accumulator | AD23: =IF(ISBLANK(AB23),IncompleteText,OKText) -> BLANK | AE23: 全车是否有自制同时带高压和低压的PCB Does the entire vehicle contain any custom-made PCBs that handle both TS&LVS? | AK23: =IF(ISBLANK(AI23),IncompleteText,OKText) -> BLANK | AM23: 展示所有同时包含高低压的PCB的爬电距离和电气间隙，若整车自制PCB没有同时存在TS&LVS，则忽略本条 Displays creepage and clearance distances for all PCBs containing both TS and LVS | AU23: Fill upon request 需要时填写
A24: 模组编号 Segement | B24: 并联数 Parallel cells | C24: 串联数 Serial cells | D24: 温度测点数量 Temp sensors | E24: 电池箱编号 Accumulator number | F24: 模组最大电压 Max Voltage[V] | H24: 模组能量 Segement energy [MJ] | K24: BMS来源 BMS source | Q24: =IF(ISBLANK(O24),IncompleteText,OKText) -> BLANK | R24: 额定电流 Ampacity | U24: =VLOOKUP(U23,ConnectorTable,3,FALSE) -> #N/A | V24: A | W24: =IF(ISERROR(U24),IncompleteText,IF(E17="串联 Serial",IF(U24>=U34,OKText,ErrorText),IF(E17="并联 Parallel",IF(U24>=U26,OKText,ErrorText),IncompleteText))) -> BLANK | X24: 电压等级 Voltage Rating | AB24: =VLOOKUP(AB23,InsulationsTable,4,FALSE) -> #N/A | AC24: V | AD24: =IF(ISERROR(AB24),IncompleteText,IF(AB24<MaxTSVoltage,ErrorText,OKText)) -> BLANK | AE24: 驱动系统电压范围 Drive system voltage range | AK24: =IF(ISBLANK(AI24),IncompleteText,OKText) -> BLANK
K25: 制造商 Vendor | N25: 型号 Type | Q25: =IF(O24="供应商提供 From Suppliers",IF(OR(ISBLANK(L25),ISBLANK(O25)),IncompleteText,OKText),"") | R25: 对应保险丝 Fuse provides protections | W25: =IF(E17="串联 Serial","",IF(ISBLANK(U25),IncompleteText,OKText)) -> BLANK | X25: 温度等级 Temperature Rating | AB25: =VLOOKUP(AB23,InsulationsTable,5,FALSE) -> #N/A | AC25: C | AD25: =IF(ISERROR(AB25),IncompleteText,IF(AB25<90,ErrorText,OKText)) -> BLANK | AE25: 爬电距离计算值 Calculated creepage distance | AJ25: mm | AK25: =IF(ISBLANK(AI25),IncompleteText,OKText) -> BLANK
A26: 1 | F26: =C26*BattCellMaxV_BK -> 0 | H26: =F26*B26*BattCellCapacity_BK*0.0036 -> 0 | J26: =IF(COUNTBLANK(A26:E26)>0,IncompleteText,IF(OR(F26>120,H26>6),ErrorText,OKText)) -> BLANK | K26: 驱动系统到低压控制系统绝缘电压 Galvanic Isolation TS to LVS | P26: V | Q26: =IF(ISBLANK(O26),IncompleteText,IF(O26<E18,ErrorText,OKText)) -> BLANK | R26: 保险丝额定电流 Fuse ampacity | U26: =VLOOKUP(U25,FuseTable,3,FALSE) -> #N/A | V26: A | X26: 电芯上方覆盖 On top of cells | AD26: =IF(ISBLANK(AB26),IncompleteText,OKText) -> BLANK | AE26: 电气间隙计算值 Calculated electrical clearance | AJ26: mm | AK26: =IF(ISBLANK(AI26),IncompleteText,OKText) -> BLANK
A27: 2 | F27: =C27*BattCellMaxV_BK -> 0 | H27: =F27*B27*BattCellCapacity_BK*0.0036 -> 0 | J27: =IF(COUNTBLANK(A27:E27)=4,"",IF(COUNTBLANK(A27:E27)>0,IncompleteText,IF(OR(F27>120,H27>6),ErrorText,OKText))) | K27: 模组间绝缘电压 Galvanic Isolation between segments | P27: V | Q27: =IF(ISBLANK(O27),IncompleteText,IF(O27<MAX(F26:G43),ErrorText,OKText)) -> BLANK | R27: AIR | X27: 电压等级 Voltage Rating | AB27: =VLOOKUP(AB26,InsulationsTable,4,FALSE) -> #N/A | AC27: V | AD27: =IF(ISERROR(AB27),IncompleteText,IF(AB27<MaxTSVoltage,ErrorText,OKText)) -> BLANK | AE27: 是否三防胶覆盖 If covered with conformal coating | AK27: =IF(ISBLANK(AI27),IncompleteText,OKText) -> BLANK
A28: 3 | F28: =C28*BattCellMaxV_BK -> 0 | H28: =F28*B28*BattCellCapacity_BK*0.0036 -> 0 | J28: =IF(COUNTBLANK(A28:E28)=4,"",IF(COUNTBLANK(A28:E28)>0,IncompleteText,IF(OR(F28>120,H28>6),ErrorText,OKText))) | K28: 隔离器件 Galvanic Isolation devices | Q28: =IF($O$24="车队自制 Team design",IF(ISBLANK(O28),IncompleteText,OKText),"") | R28: 型号 Make/Model | W28: =IF(ISBLANK(U28),IncompleteText,OKText) -> BLANK | X28: 温度等级 Temperature Rating | AB28: =VLOOKUP(AB26,InsulationsTable,5,FALSE) -> #N/A | AC28: C | AD28: =IF(ISERROR(AB28),IncompleteText,IF(AB28<90,ErrorText,OKText)) -> BLANK
A29: 4 | F29: =C29*BattCellMaxV_BK -> 0 | H29: =F29*B29*BattCellCapacity_BK*0.0036 -> 0 | J29: =IF(COUNTBLANK(A29:E29)=4,"",IF(COUNTBLANK(A29:E29)>0,IncompleteText,IF(OR(F29>120,H29>6),ErrorText,OKText))) | K29: 隔离器件说明书 Galvanic Isolation devices datasheets | Q29: =IF($O$24="车队自制 Team design",IF(ISBLANK(O29),IncompleteText,OKText),"") | R29: 触点额定电压 Contactnoimal volatge | U29: =VLOOKUP(U28,ContactorsTable,2,FALSE) -> #N/A | V29: Vdc | W29: =IF(ISERROR(U29),IncompleteText,IF(U29<MaxTSVoltage,ErrorText,OKText)) -> BLANK | X29: AIR,主保险丝与电芯之间 Between AIRs and Cells | AD29: =IF(ISBLANK(AB29),IncompleteText,OKText) -> BLANK
A30: 5 | F30: =C30*BattCellMaxV_BK -> 0 | H30: =F30*B30*BattCellCapacity_BK*0.0036 -> 0 | J30: =IF(COUNTBLANK(A30:E30)=4,"",IF(COUNTBLANK(A30:E30)>0,IncompleteText,IF(OR(F30>120,H30>6),ErrorText,OKText))) | K30: 电芯电压测量 Voltage Sense Leads | R30: 最大分断电流 Max switching current | U30: =VLOOKUP(U28,ContactorsTable,4,FALSE) -> #N/A | V30: A | X30: 电压等级 Voltage Rating | AB30: =VLOOKUP(AB29,InsulationsTable,4,FALSE) -> #N/A | AC30: V | AD30: =IF(ISERROR(AB30),IncompleteText,IF(AB30<MaxTSVoltage,ErrorText,OKText)) -> BLANK
A31: 6 | F31: =C31*BattCellMaxV_BK -> 0 | H31: =F31*B31*BattCellCapacity_BK*0.0036 -> 0 | J31: =IF(COUNTBLANK(A31:E31)=4,"",IF(COUNTBLANK(A31:E31)>0,IncompleteText,IF(OR(F31>120,H31>6),ErrorText,OKText))) | K31: 最长采样线线缆长度 Max lead length | P31: cm | Q31: =IF(ISBLANK(O31),IncompleteText,OKText) -> BLANK | R31: 额定电流 Max continuous current | U31: =VLOOKUP(U28,ContactorsTable,3,FALSE) -> #N/A | V31: A | W31: =IF(ISERROR(U31),IncompleteText,IF(U31>=U34,OKText,ErrorText)) -> BLANK | X31: 温度等级 Temperature Rating | AB31: =VLOOKUP(AB29,InsulationsTable,5,FALSE) -> #N/A | AC31: C | AD31: =IF(ISERROR(AB31),IncompleteText,IF(AB31<90,ErrorText,OKText)) -> BLANK
A32: 7 | F32: =C32*BattCellMaxV_BK -> 0 | H32: =F32*B32*BattCellCapacity_BK*0.0036 -> 0 | J32: =IF(COUNTBLANK(A32:E32)=4,"",IF(COUNTBLANK(A32:E32)>0,IncompleteText,IF(OR(F32>120,H32>6),ErrorText,OKText))) | K32: 采样线过流保护器件型号 Sense lead overprotection device | Q32: =IF(ISBLANK(O32),IncompleteText,OKText) -> BLANK | R32: 主保险丝 Main Fuse | X32: 防火等级 Flammability Rating | AB32: =VLOOKUP(AB29,InsulationsTable,6,FALSE) -> #N/A | AD32: =IF(ISNA(AB32),IncompleteText,OKText) -> BLANK
A33: 8 | F33: =C33*BattCellMaxV_BK -> 0 | H33: =F33*B33*BattCellCapacity_BK*0.0036 -> 0 | J33: =IF(COUNTBLANK(A33:E33)=4,"",IF(COUNTBLANK(A33:E33)>0,IncompleteText,IF(OR(F33>120,H33>6),ErrorText,OKText))) | K33: 过流保护器件位置 Overcurrent protection device location | Q33: =IF(ISBLANK(O33),IncompleteText,OKText) -> BLANK | R33: 主保险丝 Main Fuse | W33: =IF(ISBLANK(U33),IncompleteText,OKText) -> BLANK
A34: 9 | F34: =C34*BattCellMaxV_BK -> 0 | H34: =F34*B34*BattCellCapacity_BK*0.0036 -> 0 | J34: =IF(COUNTBLANK(A34:E34)=4,"",IF(COUNTBLANK(A34:E34)>0,IncompleteText,IF(OR(F34>120,H34>6),ErrorText,OKText))) | K34: 其他位置说明 | Q34: =IF(O33="其他 Other",IF(ISBLANK(O34),IncompleteText,OKText),"") | R34: 额定电流 Max fuse ampacity | U34: =VLOOKUP(U33,FuseTable,3,FALSE) -> #N/A | V34: A
A35: 10 | F35: =C35*BattCellMaxV_BK -> 0 | H35: =F35*B35*BattCellCapacity_BK*0.0036 -> 0 | J35: =IF(COUNTBLANK(A35:E35)=4,"",IF(COUNTBLANK(A35:E35)>0,IncompleteText,IF(OR(F35>120,H35>6),ErrorText,OKText))) | K35: 过流保护电压等级 Overcurrent voltage rating | O35: =VLOOKUP(O32,FuseTable,2,FALSE) -> #N/A | Q35: =IF(ISERROR(O35),IncompleteText,IF(AND(O35<MAX(F26:G43),O23="集中式 Centralized"),ErrorText,OKText)) -> BLANK | R35: 额定电压 Main fuse voltage | U35: =VLOOKUP(U33,FuseTable,2,FALSE) -> #N/A | V35: V | W35: =IF(U35<MaxTSVoltage,ErrorText,OKText) -> #N/A
A36: 11 | F36: =C36*BattCellMaxV_BK -> 0 | H36: =F36*B36*BattCellCapacity_BK*0.0036 -> 0 | J36: =IF(COUNTBLANK(A36:E36)=4,"",IF(COUNTBLANK(A36:E36)>0,IncompleteText,IF(OR(F36>120,H36>6),ErrorText,OKText))) | K36: 温度传感器
A37: 12 | F37: =C37*BattCellMaxV_BK -> 0 | H37: =F37*B37*BattCellCapacity_BK*0.0036 -> 0 | J37: =IF(COUNTBLANK(A37:E37)=4,"",IF(COUNTBLANK(A37:E37)>0,IncompleteText,IF(OR(F37>120,H37>6),ErrorText,OKText))) | K37: 温度传感器位置 Temp sensor location | Q37: =IF(ISBLANK(O37),IncompleteText,OKText) -> BLANK
A38: 13 | F38: =C38*BattCellMaxV_BK -> 0 | H38: =F38*B38*BattCellCapacity_BK*0.0036 -> 0 | J38: =IF(COUNTBLANK(A38:E38)=4,"",IF(COUNTBLANK(A38:E38)>0,IncompleteText,IF(OR(F38>120,H38>6),ErrorText,OKText))) | K38: 距离极耳距离 Distance to terminal | P38: mm | Q38: =IF(O37="极耳 Cell tabs","",IF(ISBLANK(O38),IncompleteText,IF(O38<10,OKText,ErrorText))) -> BLANK
A39: 14 | F39: =C39*BattCellMaxV_BK -> 0 | H39: =F39*B39*BattCellCapacity_BK*0.0036 -> 0 | J39: =IF(COUNTBLANK(A39:E39)=4,"",IF(COUNTBLANK(A39:E39)>0,IncompleteText,IF(OR(F39>120,H39>6),ErrorText,OKText))) | K39: 单个测点测量的电芯数量 Cells sensed per sensor | P39: cells | Q39: =IF(ISBLANK(O39),IncompleteText,OKText) -> BLANK
A40: 15 | F40: =C40*BattCellMaxV_BK -> 0 | H40: =F40*B40*BattCellCapacity_BK*0.0036 -> 0 | J40: =IF(COUNTBLANK(A40:E40)=4,"",IF(COUNTBLANK(A40:E40)>0,IncompleteText,IF(OR(F40>120,H40>6),ErrorText,OKText))) | K40: 导热材料型号(如果有) Thermal contact material (if used)
A41: 16 | F41: =C41*BattCellMaxV_BK -> 0 | H41: =F41*B41*BattCellCapacity_BK*0.0036 -> 0 | J41: =IF(COUNTBLANK(A41:E41)=4,"",IF(COUNTBLANK(A41:E41)>0,IncompleteText,IF(OR(F41>120,H41>6),ErrorText,OKText))) | K41: 导热材料说明书链接 Thermal contact material datasheet | Q41: =IF(ISBLANK($O$40),"",IF(ISBLANK(O41),IncompleteText,OKText))
A42: 17 | F42: =C42*BattCellMaxV_BK -> 0 | H42: =F42*B42*BattCellCapacity_BK*0.0036 -> 0 | J42: =IF(COUNTBLANK(A42:E42)=4,"",IF(COUNTBLANK(A42:E42)>0,IncompleteText,IF(OR(F42>120,H42>6),ErrorText,OKText))) | K42: 导热材料热导率 Thermal contact material conductivity | P42: W/(m∙K) | Q42: =IF(ISBLANK($O$40),"",IF(ISBLANK(O42),IncompleteText,OKText))
A43: 18 | F43: =C43*BattCellMaxV_BK -> 0 | H43: =F43*B43*BattCellCapacity_BK*0.0036 -> 0 | J43: =IF(COUNTBLANK(A43:E43)=4,"",IF(COUNTBLANK(A43:E43)>0,IncompleteText,IF(OR(F43>120,H43>6),ErrorText,OKText))) | K43: 导热材料厚度 Thermal contact material thickness | P43: mm | Q43: =IF(ISBLANK($O$40),"",IF(ISBLANK(O43),IncompleteText,OKText))
K44: 温度测量覆盖率 Precentage of cells sensed | O44: =SUMIF(J26:J43,"=OK",D26:D43)*CellsPerTempSensor_BK/TotalCells_BK*100 -> #DIV/0! | P44: % | Q44: =IF(ISERROR(O44),IncompleteText,IF(O44<20,ErrorText,OKText)) -> BLANK
A47: 维护插头示意图/照片 Pictures of Maintenance Plugs | J47: 极耳连接以及电芯固定示意图/照片 Picture of Cell Connections | S47: 温度传感器布置图 Picture of Temperature Sensor Location | AB47: 主保险丝和AIR和电芯分隔 Picture of Fuse and AIR Separation from cells | AK47: 电芯与电池箱内壁的绝缘 Picture of Segment Insulation between Cell Terminal and Sides of Accumulator Container | AT47: 模组上方绝缘 Picture of Insulation on Top of Segment
A66: 维护插头示意图/照片 Pictures of Maintenance Plugs | H66: =IF(COUNTIF(H67:H70,"="&IncompleteText),IncompleteText,IF(COUNTIF(H67:H70,"="&ErrorText),ErrorText,OKText)) -> BLANK | J66: 极耳连接以及电芯固定示意图/照片 Picture of Cell Connections | Q66: =IF(COUNTIF(Q67:Q69,"="&IncompleteText),IncompleteText,IF(COUNTIF(Q67:Q69,"="&ErrorText),ErrorText,OKText)) -> BLANK | S66: 温度传感器布置图 Picture of Temperature Sensor Location | Z66: =IF(COUNTIF(Z67:Z68,"="&IncompleteText),IncompleteText,IF(COUNTIF(Z67:Z68,"="&ErrorText),ErrorText,OKText)) -> BLANK | AB66: 主保险丝和AIR和电芯分隔 Picture of Fuse and AIR Separation from cells | AI66: =IF(COUNTIF(AI67,"="&IncompleteText),IncompleteText,IF(COUNTIF(AI67,"="&ErrorText),ErrorText,OKText)) -> BLANK | AK66: 模组绝缘 Segment Insulation | AR66: =IF(COUNTIF(AR67,"="&IncompleteText),IncompleteText,IF(COUNTIF(AR67,"="&ErrorText),ErrorText,OKText)) -> BLANK | AT66: 模组上方绝缘 Insulation on Top of Segment | BA66: =IF(COUNTIF(BA67,"="&IncompleteText),IncompleteText,IF(COUNTIF(BA67,"="&ErrorText),ErrorText,OKText)) -> BLANK
A67: 防止误插 Unique configurations of plugs | H67: =IF(ISBLANK(G67),IncompleteText,IF(G67,OKText,ErrorText)) -> BLANK | J67: 如果极耳采用紧固件压接，紧固件防松 Positive locking if bolted connections | Q67: =IF(ISBLANK(P67),IncompleteText,IF(P67,OKText,ErrorText)) -> BLANK | S67: 温度传感器直接接触极耳或者总线 Sensor in direct contact with terminal or busbar | Z67: =IF(ISBLANK(Y67),IncompleteText,IF(Y67,OKText,ErrorText)) -> BLANK | AB67: 主保险丝和AIR和电芯分隔 Fuse and AIR Separation from cells | AI67: =IF(ISBLANK(AH67),IncompleteText,IF(AH67,OKText,ErrorText)) -> BLANK | AK67: 电芯和电池箱内部绝缘 Insulation between cells and accumulator | AR67: =IF(ISBLANK(AQ67),IncompleteText,IF(AQ67,OKText,ErrorText)) -> BLANK | AT67: 模组上方绝缘 Insulation on Top of Segment | BA67: =IF(ISBLANK(AZ67),IncompleteText,IF(AZ67,OKText,ErrorText)) -> BLANK
A68: 非载流面绝缘 Non-conductive on un-necessary surface | H68: =IF(ISBLANK(G68),IncompleteText,IF(G68,OKText,ErrorText)) -> BLANK | J68: 极耳不受机械负载 No mechanic load on cell tabs | Q68: =IF(ISBLANK(P68),IncompleteText,IF(P68,OKText,ErrorText)) -> BLANK | S68: 未直接接触但足够近 Distance from sensor to cell negative terminal sufficienly close | Z68: =IF(ISBLANK(Y68),IncompleteText,IF(Y68,OKText,ErrorText)) -> BLANK | AB68: 补充说明 Additional Comments | AI68: 规则参考 Rules Ref | AK68: 补充说明 Additional Comments | AR68: 规则参考 Rules Ref | AT68: 补充说明 Additional Comments | BA68: 规则参考 Rules Ref
A69: 安装不需要拆除电池箱部件 Accessible without additional desassembly | H69: =IF(ISBLANK(G69),IncompleteText,IF(G69,OKText,ErrorText)) -> BLANK | J69: 电芯在各个方向有限位，且受力面没有过小 Positions limits on all directions, sufficient surface with load | Q69: =IF(ISBLANK(P69),IncompleteText,IF(P69,OKText,ErrorText)) -> BLANK | S69: 补充说明 Additional Comments | Z69: 规则参考 Rules Ref | AI69: EV 5.5.14 | AR69: EV 5.4.6 | BA69: EV 5.4.6
A70: 主动锁紧/防松 Postive locking | H70: =IF(ISBLANK(G70),IncompleteText,IF(G70,OKText,ErrorText)) -> BLANK | J70: 电芯受力面应当占该表面的80% Surface with load: >= 80% | Q70: Recommended
A71: 补充说明 Additional Comments | H71: 规则参考 Rules Ref | J71: 补充说明 Additional Comments | Q71: 规则参考 Rules Ref | Z71: EV 5.8.4
H72: EV 5.4.4 - EV 5.4.5 | Q72: EV 5.5.10 - EV 5.5.12
A78: 电池箱高压指示器原理图 Accumulator HV indicator | J78: 备用电芯(含供电检检查等)存放容器，若没有备用电芯则忽略本条 Storage container for spare battery cells (including provisions for inspection, etc.); if no spare cells are present, disregard this item.
A97: 电池箱高压指示器原理图 Accumulator HV indicator | H97: =IF(COUNTIF(H98:H106,"="&IncompleteText),IncompleteText,IF(COUNTIF(H98:H106,"="&ErrorText),ErrorText,OKText)) -> BLANK | J97: 备用电芯存放容器 Spare Battery Storage Container | Q97: =IF(P98="否 No",OKText,IF(COUNTIF(Q99:Q101,"="&IncompleteText),IncompleteText,IF(COUNTIF(Q99:Q101,"="&ErrorText),ErrorText,OKText))) -> BLANK
A98: 高压指示器来源 Indicator source | H98: =IF(ISBLANK(G98),IncompleteText,OKText) -> BLANK | J98: 是否有备用电芯（含用于电检检查的电芯）Whether there are spare cells (including cells used for electrical inspection) | Q98: =IF(ISBLANK(P98),IncompleteText,OKText) -> BLANK
A99: 电压传感器绝缘电压 Galvanic Isolation (Vdc) | H99: =IF(G$98="车队自制电路 Self-designed",OKText,IF(ISBLANK(G99),IncompleteText,IF(G99>MaxTSVoltage,OKText,ErrorText))) -> BLANK | J99: 备用电芯必须存放在阻燃容器中 Spare cells must be stored in a fire retardant container | Q99: =IF(ISBLANK(P99),IncompleteText,IF(P99,OKText,ErrorText)) -> BLANK
A100: 电压传感器说明书超链接 Volatge sense device datasheet | H100: =IF(G$98="车队自制电路 Self-designed",OKText,IF(ISBLANK(G100),IncompleteText,OKText)) -> BLANK | J100: 备用电芯被牢固固定 The spare cell is securely fastened | Q100: =IF(ISBLANK(P100),IncompleteText,IF(P100,OKText,ErrorText)) -> BLANK
A101: 原理图清晰可读 Schematic clear and readable | H101: =IF(G$98="供应商采购 From suppliers",OKText,IF(ISBLANK(G101),IncompleteText,IF(G101,OKText,ErrorText))) -> BLANK | J101: 容器有明显标识 Containers are clearly labeled | Q101: =IF(ISBLANK(P101),IncompleteText,IF(P101,OKText,ErrorText)) -> BLANK
A102: 标注所有的驱动系统元器件（包括接插件）的型号和额定电压 All TS components Noimal Voltages | H102: =IF(G$98="供应商采购 From suppliers",OKText,IF(ISBLANK(G102),IncompleteText,IF(G102,OKText,ErrorText))) -> BLANK | J102: 补充说明 Additional Comments | Q102: 规则参考 Rules Ref
A103: 隔离器件的说明书超链接 Datasheet of TS/LVS isolation datasee | H103: =IF(G$98="供应商采购 From suppliers",OKText,IF(ISBLANK(G103),IncompleteText,OKText)) -> BLANK | Q103: EV 5.3.3 EV 5.3.4
A104: 标注驱动系统电阻的额定功率(如果有) Noimal power of TS resistor (if exists) | H104: =IF(G$98="供应商采购 From suppliers",OKText,IF(ISBLANK(G104),IncompleteText,IF(ISBLANK(G104),ErrorText,OKText))) -> BLANK
A105: 驱动系统电路保险丝型号 TS fuses | H105: =IF(ISBLANK(G105),IncompleteText,OKText) -> BLANK
A106: 如果阈值是固定的，给出计算过程（下方补充说明）If the threshold is fixed, give caculation below | H106: =IF(ISBLANK(G106),IncompleteText,IF(G106,OKText,ErrorText)) -> BLANK
A108: 补充说明 Additional comments

Sheet 预充电放电 PrechargeDischarge
A1: 状态 Status | B1: {=IF(SUM(COUNTIF(INDIRECT({"$F$2","$L$2","$R$2"}),"="&IncompleteText)),IncompleteText,IF(SUM(COUNTIF(INDIRECT({"$F$2","$L$2","$R$2"}),"="&ErrorText)),ErrorText,OKText))} -> OK
A2: 预充电回路 Precharge | F2: =IF(COUNTIF(F3:F19,"="&IncompleteText),IncompleteText,IF(COUNTIF(F3:F19,"="&ErrorText),ErrorText,OKText)) -> OK | G2: 放电回路 Discharge | L2: =IF(COUNTIF(L3:L15,"="&IncompleteText),IncompleteText,IF(COUNTIF(L3:L15,"="&ErrorText),ErrorText,OKText)) -> OK | M2: 驱动系统测量点 TSMP | R2: =IF(COUNTIF(R3:R8,"="&IncompleteText),IncompleteText,IF(COUNTIF(R3:R8,"="&ErrorText),ErrorText,OKText)) -> OK | S2: 规则参考 Rules ref
A3: 电阻型号 Resistor Type | D3: RXG24 75w 3000Ω-J | F3: =IF(ISBLANK(D3),IncompleteText,OKText) -> OK | G3: 电阻型号 Resistor Type | J3: RXG24-100W-2000Ω-J | L3: =IF(ISBLANK(J3),IncompleteText,OKText) -> OK | M3: 电阻型号 Resistor Type | P3: RX24-50W-10KΩ-J | R3: =IF(ISBLANK(P3),IncompleteText,OKText) -> OK | S3: EV 5.7 EV 4.9 EV 4.7
A4: 并联数 # parallel | D4: 1 | F4: =IF(ISBLANK(D4),IncompleteText,OKText) -> OK | G4: 并联数 # parallel | J4: 1 | L4: =IF(ISBLANK(J4),IncompleteText,OKText) -> OK | M4: 并联数 # parallel | P4: 1 | R4: =IF(ISBLANK(P4),IncompleteText,OKText) -> OK
A5: 串联数 # serial | D5: 1 | F5: =IF(ISBLANK(D5),IncompleteText,OKText) -> OK | G5: 串联数 # serial | J5: 1 | L5: =IF(ISBLANK(J5),IncompleteText,OKText) -> OK | M5: 串联数 # serial | P5: 1 | R5: =IF(ISBLANK(P5),IncompleteText,OKText) -> OK
A6: 总阻值 Resistance | D6: =VLOOKUP(D3,ResistorsTable,3,)*D5/D4 -> 3000 | E6: Ohms | G6: 总阻值 Resistance | J6: =VLOOKUP(J3,ResistorsTable,3,)*J5/J4 -> 2000 | K6: Ohms | M6: 总阻值 Resistance | P6: =VLOOKUP(P3,ResistorsTable,3,)*P5/P4 -> 10000 | Q6: Ohms | R6: =IF(MaxTSVoltage<=200,IF(P6=5000,OKText,ErrorText),IF(MaxTSVoltage>400,IF(P6=15000,OKText,ErrorText),IF(P6=10000,OKText,ErrorText))) -> OK
A7: 额定功率 Cont power | D7: =VLOOKUP(D3,ResistorsTable,4,FALSE)*D4*D5 -> 75 | E7: W | G7: 额定功率 Cont power | J7: =VLOOKUP(J3,ResistorsTable,4,FALSE)*J4*J5 -> 100 | K7: W | L7: =IF(J7=0,IncompleteText,IF(J7>=J9,OKText,ErrorText)) -> OK | M7: 额定功率 Cont power | P7: =VLOOKUP(P3,ResistorsTable,4,FALSE)*P5*P4 -> 50 | Q7: W | R7: =IF(P7<P9,ErrorText,OKText) -> OK
A8: 瞬时持续功率(5s) Power @ 5s | D8: 0.887 | E8: W | F8: =IF(ISBLANK(D8),IncompleteText,OKText) -> OK | G8: 额定电压 Rated Voltage | J8: =VLOOKUP(J3,ResistorsTable,2,FALSE)*J5 -> 447.2 | K8: Vdc | L8: =IF(J8=0,IncompleteText,IF(J8<MaxTSVoltage,ErrorText,OKText)) -> OK | M8: 额定电压 Rated Voltage | P8: =VLOOKUP(P3,ResistorsTable,2,FALSE)*P5 -> 707.1 | Q8: V | R8: =IF(P8<MaxTSVoltage,ErrorText,OKText) -> OK
A9: 额定电压 Rated Voltage | D9: =VLOOKUP(D3,ResistorsTable,2,FALSE)*D5 -> 474.3 | E9: Vdc | F9: =IF(D9<MaxTSVoltage,ErrorText,OKText) -> OK | G9: 放电峰值功率 Peak Power | J9: =MaxTSVoltage^2/DischargeRes -> 66.75858 | K9: W | M9: 短路功率 Power if short circuit | P9: =MaxTSVoltage^2/(2*P6) -> 6.675858 | Q9: W | R9: =IF(ISNA(P9),IncompleteText,IF((P9/2)<=P7,OKText,ErrorText)) -> OK
A10: 总线电容 Bus Capacitance | D10: 0.8 | E10: mF | F10: =IF(ISBLANK(BusCap),IncompleteText,OKText) -> OK | G10: 放电峰值电流 Peak Current | J10: =MaxTSVoltage/DischargeRes -> 0.1827 | K10: A
A11: 充电截止条件 End of precharge | D11: 95 | E11: % | F11: =IF(ISBLANK(D11),IncompleteText,IF(D11>=95,OKText,ErrorText)) -> OK | G11: 放电时间 Discharge time | J11: =-LN(60/MaxTSVoltage)*DischargeRes*(BusCap/1000) -> 2.8906369 | K11: s
A12: 峰值功率 Peak Power | D12: =MaxTSVoltage^2/PrechargeRes -> 44.50572 | E12: W | G12: 放电继电器 Relay | J12: HVR1B12 | L12: =IF(ISBLANK(J12),IncompleteText,OKText) -> OK
A13: 峰值电流 Peak Current | D13: =MaxTSVoltage/PrechargeRes -> 0.1218 | E13: A | G13: 继电器触点额定电压 Contacts rated volatge | J13: =VLOOKUP(J12,ContactorsTable,2,FALSE) -> 1000 | K13: V | L13: =IF(J13<MaxTSVoltage,ErrorText,OKText) -> OK
A14: 充电到95% Time to 95% | D14: =-LN(0.05)*(BusCap/1000)*PrechargeRes -> 7.1897575 | E14: sec | G14: 继电器触点额定电流 Contact rated current | J14: =VLOOKUP(J12,ContactorsTable,3,FALSE) -> 1 | K14: A | L14: =IF(J14<J10,ErrorText,OKText) -> OK
A15: 预充电能量95% Energy on res to 95% | D15: =MaxTSVoltage^2*(BusCap/1000)/2*(1-EXP(-D14*2/(PrechargeRes*(BusCap/1000)))) -> 53.273347 | E15: J | G15: 继电器断电状态 Normal State | J15: =VLOOKUP(J12,ContactorsTable,5,FALSE) -> NC | L15: =IF(J15<>"NC",ErrorText,OKText) -> OK
A16: 平均功率 average power | D16: =D15/D14 -> 7.4096167 | E16: W
A17: 预充电继电器 Relay | D17: LEV50-12HD | F17: =IF(ISBLANK(D17),IncompleteText,OKText) -> OK
A18: 继电器触点额定电压 Contacts rated volatge | D18: =VLOOKUP(D17,ContactorsTable,2,FALSE) -> 900 | E18: Vdc | F18: =IF(D18<MaxTSVoltage,ErrorText,OKText) -> OK
A19: 继电器触点额定电流 Contact rated current | D19: =VLOOKUP(D17,ContactorsTable,3,FALSE) -> 50 | E19: A | F19: =IF(D19<D13,ErrorText,OKText) -> OK
A21: 补充说明 Additional Comments
A22: 预充电阻 RXG24 75W 3000Ω-J 按规格书具备 10 倍额定功率 5 s 的过载能力，即 750 W @ 5 s。本车预充峰值功率为 57.1 W，低于连续额定功率 75 W，并安装热阻 ≤ 3.0 ℃/W 的铝散热器。

Sheet 充电 Charging
A1: 状态 Status | B1: {=IF(SUM(COUNTIF(INDIRECT({"$F$2","$H$31","$Q$31","$Z$31"}),"="&IncompleteText)),IncompleteText,IF(SUM(COUNTIF(INDIRECT({"$F$2","$H$31","$Q$31","$Z$31"}),"="&ErrorText)),ErrorText,OKText))} -> OK
A2: 充电机 Charger | F2: =IF(COUNTIF(F3:F10,"="&IncompleteText),IncompleteText,IF(COUNTIF(F3:F10,"="&ErrorText),ErrorText,OKText)) -> OK | H2: 补充说明 Additioanl Comments
A3: 制造商 Make | D3: 长春浩泰科技有限公司 | F3: =IF(ISBLANK(D3),IncompleteText,OKText) -> OK | H3: 更新了充电驱动回路原理图
A4: 型号 Type | D4: EP-2308 3.3kW Charger | F4: =IF(ISBLANK(D4),IncompleteText,OKText) -> OK
A5: 说明书超链接 Datasheet link | D5: 3.3KW FSE Charger Specification 2022 | F5: =IF(ISBLANK(D5),IncompleteText,OKText) -> OK
A6: 输入电压(市电或工业电) Input Voltage | D6: 90-265 | E6: Vac | F6: =IF(ISBLANK(D6),IncompleteText,OKText) -> OK
A7: 输入电流 Input Current | D7: 16 | E7: A | F7: =IF(ISBLANK(D7),IncompleteText,OKText) -> OK
A8: 输出电压(定值或范围) Output Voltage | D8: 220~440V | E8: V | F8: =IF(ISBLANK(D8),IncompleteText,OKText) -> OK
A9: 输出电流 Output Current | D9: 10 | E9: A | F9: =IF(ISBLANK(D9),IncompleteText,OKText) -> OK
A10: 充电机额定功率 Rated Power | D10: 3.3 | E10: kW | F10: =IF(ISBLANK(D10),IncompleteText,OKText) -> OK
A12: 充电驱动系统回路 Charging Tractive System Schematic | J12: 充电安全回路 Charging Shutdown Circuit | S12: 电池箱小推车 Accumulator Handcart
A31: 充电驱动系统回路 Charging Tractive System Schematic | H31: =IF(COUNTIF(H33:H38,"="&IncompleteText),IncompleteText,IF(COUNTIF(H33:H38,"="&ErrorText),ErrorText,OKText)) -> OK | J31: 充电安全回路 Charging Shutdown Circuit | Q31: =IF(COUNTIF(Q33:Q38,"="&IncompleteText),IncompleteText,IF(COUNTIF(Q33:Q38,"="&ErrorText),ErrorText,OKText)) -> OK | S31: 电池箱小推车 Accumulator Handcart | Z31: =IF(COUNTIF(Z33:Z37,"="&IncompleteText),IncompleteText,IF(COUNTIF(Z33:Z37,"="&ErrorText),ErrorText,OKText)) -> OK
A32: 规则参考 Rules Ref | J32: 规则参考 Rules Ref | S32: 规则参考 Rules Ref
C33: 主保险丝（直流） Main Fuse on DC bus | G33: TRUE | H33: =IF(ISBLANK(G33),IncompleteText,IF(G33,OKText,ErrorText)) -> OK | L33: IMD控制的继电器 IMD Controlled powerstage | P33: TRUE | Q33: =IF(ISBLANK(P33),IncompleteText,IF(P33,OKText,ErrorText)) -> OK | S33: EV 8.4.7 | U33: 垂直防火墙及高度要求满足 Firewall Height and coverage | Y33: TRUE | Z33: =IF(ISBLANK(Y33),IncompleteText,IF(Y33,OKText,ErrorText)) -> OK
C34: 接插件及制造商/型号 Connector with Make/Type | G34: TRUE | H34: =IF(ISBLANK(G34),IncompleteText,IF(G34,OKText,ErrorText)) -> OK | L34: AMS控制的继电器 AMS Controlled powerstage | P34: TRUE | Q34: =IF(ISBLANK(P34),IncompleteText,IF(P34,OKText,ErrorText)) -> OK | S34: EV 8.4.3 | U34: 有刹车，进行一定操作才能被推动 Equipped with a brake and can only be pushed after specific operations are performed. | Y34: TRUE | Z34: =IF(ISBLANK(Y34),IncompleteText,IF(Y34,OKText,ErrorText)) -> OK
C35: 标注线径 Wire Gauge | G35: TRUE | H35: =IF(ISBLANK(G35),IncompleteText,IF(G35,OKText,ErrorText)) -> OK | L35: 充电急停开关 Shutdown buttons | P35: TRUE | Q35: =IF(ISBLANK(P35),IncompleteText,IF(P35,OKText,ErrorText)) -> OK | S35: EV 8.4.9 | U35: 电池箱不比手推车突出 The accumulator does not protrude beyond the handcart. | Y35: TRUE | Z35: =IF(ISBLANK(Y35),IncompleteText,IF(Y35,OKText,ErrorText)) -> OK
C36: IMD | G36: TRUE | H36: =IF(ISBLANK(G36),IncompleteText,IF(G36,OKText,ErrorText)) -> OK | L36: AIRs线圈 AIRs coils | P36: TRUE | Q36: =IF(ISBLANK(P36),IncompleteText,IF(P36,OKText,ErrorText)) -> OK | S36: EV 8.4.10 | U36: 防冲击措施 Anti-shock | Y36: TRUE | Z36: =IF(ISBLANK(Y36),IncompleteText,IF(Y36,OKText,ErrorText)) -> OK
C37: AIRs | G37: TRUE | H37: =IF(ISBLANK(G37),IncompleteText,IF(G37,OKText,ErrorText)) -> OK | L37: 充电接插件互锁 Interlock of charging connector | P37: TRUE | Q37: =IF(ISBLANK(P37),IncompleteText,IF(P37,OKText,ErrorText)) -> OK | S37: EV 8.4.11 | U37: 防火墙上有信息标签 There is an information label on the firewall. | Y37: TRUE | Z37: =IF(ISBLANK(Y37),IncompleteText,IF(Y37,OKText,ErrorText)) -> OK
C38: TSMPs | G38: TRUE | H38: =IF(ISBLANK(G38),IncompleteText,IF(G38,OKText,ErrorText)) -> OK | L38: 充电安全的其他控制继电器(安全回路以外) Other powerstages | P38: TRUE | Q38: =IF(ISBLANK(P38),IncompleteText,IF(P38,OKText,ErrorText)) -> OK | S38: 补充说明 Additional Comments
A39: 补充说明 Additional Comments | J39: 补充说明 Additional Comments | S39: 手推车配置的垂直防火墙总高度为750mm，确保其高出电池箱及把手顶端300mm以上，能够为人员提供充分的物理隔离与防护；防火墙的连接采用高强度螺栓穿孔固定方式，并利用FORMEX对螺栓连接部位实施绝缘防火处理，既保证了结构连接的刚性，也兼顾了电气安全与热稳定性。推车采用了常闭式联动刹车机构，确保满载状态下仅在操作人员持续施力握持把手时方可释放，松手后即自动锁止，有效防止在无人操作时发生意外溜车或滑坡。电池箱通过螺栓固定于推车底盘框架内，四周均未超出手推车的俯视投影面积，不产生任何突出部分；同时箱体底部专门设置了防冲击缓冲措施，能够在移动过程中有效隔离路面颠簸与震动，保护电池箱免受机械冲击损伤。此外，防火墙正面高对比度区域专门预留了信息标签的安装位置，标签内容将按规定涵盖大学名称、赛车车号及电气安全员联系方式，且标签安装高度充分考虑赛场内人员的正常视认角度，满足了规则中对信息提示及可视性的相关要求。
A40: 已将充电驱动系统回路的安全回路补齐与右图一致，反馈问题的充电机侧高压插头互锁已使用红色虚线框标出 | J40: 已使用红色字体标注高压插头互锁处。当 IMD 或 AMS 断开充电安全回路后，K_IMD/K_AMS 失电，充电机输出和 AIR 线圈控制均被切断；故障清除后必须通过 reset 手动复位后才能再次充电。

Sheet 扭矩指令 Torque Security
A1: 状态 status | B1: {=IF(SUM(COUNTIF(INDIRECT({"$F$2","$F$3","$F$4","$S$6"}),"="&IncompleteText)),IncompleteText,IF(SUM(COUNTIF(INDIRECT({"$F$2","$F$3","$F$4","$S$6"}),"="&ErrorText)),ErrorText,OKText))} -> OK
A2: APPS传感器输出类型 Type of APPS sensor output | E2: 模拟 analog | F2: =IF(ISBLANK(E2),IncompleteText,OKText) -> OK | H2: 影响扭矩输出路径检查 Torque Control Path Security Checks | S2: =IF(COUNTIF(S6:S11,"="&IncompleteText),IncompleteText,IF(COUNTIF(S6:S11,"="&ErrorText),ErrorText,OKText)) -> OK
A3: APPS传感器说明书超连接 APPS datasheet | E3: APS05系列_加速踏板后 | F3: =IF(ISBLANK(E3),IncompleteText,OKText) -> OK
A4: APPS 传感器传递函数 APPS transfer function | F4: =IF(E2="数字 digital",OKText,IF(COUNTIF(F7:F13,"="&IncompleteText),IncompleteText,IF(COUNTIF(F7:F13,"="&ErrorText),ErrorText,OKText))) -> OK | H4: 起点 Source device | J4: 终点 Destination device | L4: 通讯方式 communication | M4: 冗余保护 Redundant | N4: 超程保护 Out of range | O4: 相关性保护 Correlation | P4: 校验和 Checksum | Q4: 超时保护 Timeout | R4: 其他 Other | T4: 补充说明 Additional comment
A5: 规则参考 Rules Ref | C5: T 12.6.9
A6: 传感器行程 Sensor travel | B6: APPS1输出Output [V] | D6: APPS2输出 Output[V] | H6: APPS | J6: 整车控制器节点(VCU) | L6: 模拟 | M6: FALSE | N6: TRUE | O6: TRUE | P6: FALSE | Q6: FALSE | R6: FALSE | S6: =IF(COUNTBLANK(J6:R6)>1,IncompleteText,OKText) -> OK
A7: 0 | B7: 0.504 | D7: 0.252 | F7: =IF(OR(ISBLANK(B7),ISBLANK(D7)),IncompleteText,OKText) -> OK | H7: =IF(ISBLANK(J6),"",J6) -> 整车控制器节点(VCU) | J7: 电机控制器(MCU) | L7: 数字 | M7: FALSE | N7: TRUE | O7: TRUE | P7: TRUE | Q7: TRUE | R7: FALSE | S7: =IF(ISBLANK(J7),"",IF(COUNTBLANK(J7:R7)>1,IncompleteText,OKText)) -> OK
A8: 0.2 | B8: 0.652 | D8: 0.379 | F8: =IF(OR(ISBLANK(B8),ISBLANK(D8)),IncompleteText,IF(OR(AND(_xlfn.XOR(B8<D8,B7<D7),B7<>D7),B8=D8),ErrorText,OKText)) -> OK | S8: =IF(ISBLANK(J8),"",IF(COUNTBLANK(J8:R8)>1,IncompleteText,OKText))
A9: 0.4 | B9: 1.468 | D9: 0.783 | F9: =IF(OR(ISBLANK(B9),ISBLANK(D9)),IncompleteText,IF(OR(_xlfn.XOR(B9<D9,B8<D8),B9=D9),ErrorText,OKText)) -> OK | H9: =IF(ISBLANK(J8),"",J8) | S9: =IF(ISBLANK(J9),"",IF(COUNTBLANK(J9:R9)>1,IncompleteText,OKText))
A10: 0.6 | B10: 2.268 | D10: 1.178 | F10: =IF(OR(ISBLANK(B10),ISBLANK(D10)),IncompleteText,IF(OR(_xlfn.XOR(B10<D10,B9<D9),B10=D10),ErrorText,OKText)) -> OK | H10: =IF(ISBLANK(J9),"",J9) | S10: =IF(ISBLANK(J10),"",IF(COUNTBLANK(J10:R10)>1,IncompleteText,OKText))
A11: 0.8 | B11: 3.036 | D11: 1.544 | F11: =IF(OR(ISBLANK(B11),ISBLANK(D11)),IncompleteText,IF(OR(_xlfn.XOR(B11<D11,B10<D10),B11=D11),ErrorText,OKText)) -> OK | H11: =IF(ISBLANK(J10),"",J10) | S11: =IF(ISBLANK(J11),"",IF(COUNTBLANK(J11:R11)>1,IncompleteText,OKText))
A12: 1 | B12: 3.958 | D12: 2 | F12: =IF(OR(ISBLANK(B12),ISBLANK(D12)),IncompleteText,IF(OR(_xlfn.XOR(B12<D12,B11<D11),B12=D12),ErrorText,OKText)) -> OK
A13: 除0%行程处以外，禁止传递函数相交 No crossing except at 0% | E13: TRUE | F13: =IF(ISBLANK(E13),IncompleteText,IF(E13,OKText,FALSE)) -> OK

Sheet 安全系统 Shutdown circuit
A1: 状态 Status | B1: =IF(SUM(COUNTIF(INDIRECT({"$F$2","$M$2","$K$36","$W$36","$K$95","$Z$8","$W$95"}),"="&IncompleteText)),IncompleteText,IF(SUM(COUNTIF(INDIRECT({"$F$2","$M$2","$K$36","$W$36","$K$95","$Z$8","$W$95"}),"="&ErrorText)),ErrorText,OKText)) -> OK
A2: IMD | F2: =IF(COUNTIF(F4:F8,"="&IncompleteText),IncompleteText,IF(COUNTIF(F4:F8,"="&ErrorText),ErrorText,OKText)) -> OK | H2: BSPD | M2: =IF(COUNTIF(M4:M8,"="&IncompleteText),IncompleteText,IF(COUNTIF(M4:M8,"="&ErrorText),ErrorText,OKText)) -> OK
A3: 规则参考 Rules Ref | D3: EV 6.4 | H3: 规则参考 Rules Ref | K3: T 12.6
A4: 制造商 Make | D4: Bender IR155-3204 | F4: =IF(ISBLANK(D4),IncompleteText,OKText) -> OK | H4: 电流传感器型号 Current Sensor Type | K4: HRI-36 | M4: =IF(ISBLANK(K4),IncompleteText,OKText) -> OK
A5: 触发阈值 Threshold | D5: 240 | E5: kΩ | F5: =IF(ISBLANK(D5),IncompleteText,IF(D5<(MaxTSVoltage*0.5),ErrorText,OKText)) -> OK | H5: 电流传感器说明书链接 Current Sensor datasheet | K5: HRI-36 | M5: =IF(ISBLANK(K5),IncompleteText,OKText) -> OK
A6: 接地线1接地位置 Location of grounding measurement 1 | D6: 电池箱体内部接地点 | F6: =IF(ISBLANK(D6),IncompleteText,OKText) -> OK | H6: 设定阈值电流(驱动系统) Trip Current (TS) | K6: 13 | L6: A | M6: =IF(ISBLANK(K6),IncompleteText,IF(K6>(5000/MaxTSVoltage),ErrorText,OKText)) -> OK
A7: 接地线2接地位置 Location of grounding measurement 2 | D7: 主环 | F7: =IF(ISBLANK(D7),IncompleteText,OKText) -> OK | H7: 传感器输出电压@阈值电流 Voltage Output of Sensor@Trip current | K7: 1.3 | L7: V | M7: =IF(ISBLANK(K7),IncompleteText,OKText) -> OK
A8: 驱动系统测点物理位置 | D8: 右侧面板主开关下侧 | F8: =IF(ISBLANK(D8),IncompleteText,OKText) -> OK | H8: 传感器测量精度@阈值电流 Accuracy@Trip current | K8: 0.5 | L8: A | M8: =IF(ISBLANK(K8),IncompleteText,OKText) -> OK | Y8: TSAL | Z8: =IF(SUM(COUNTIF(INDIRECT({"$AI$35","$AI$49","$AI$55","$AU$35","$AU$76","$BG$76"}),"="&IncompleteText)),IncompleteText,IF(SUM(COUNTIF(INDIRECT({"$AI$35","$AI$49","$AI$55","$AU$35","$AU$76","$BG$76"}),"="&ErrorText)),ErrorText,OKText)) -> OK
Y9: TSAL模块分布架构 TSAL Module Distributed Architecture | AK9: TSAL红灯信号处理和驱动电路 TSAL Red Light Signal Processing and Driving Circuit | AW9: TSAL通用 - 电压测量原理图，采购传感器无需填写 TSAL General - Schematic on voltage measurement, N/A if use purchased sensor
A10: 安全回路原理图 Shutdown Circuit Schematic | M10: BSPD原理图 BSPD schematic
Y35: TSAL - 分布 TSAL component distribuition | AI35: =IF(COUNTIF(AI37:AI41,"="&IncompleteText),IncompleteText,IF(COUNTIF(AI37:AI41,"="&ErrorText),ErrorText,OKText)) -> OK | AK35: TSAL红灯部分电路 TSAL circuit on Red Lights | AU35: =IF(COUNTIF(AU37:AU48,"="&IncompleteText),IncompleteText,IF(COUNTIF(AU37:AU48,"="&ErrorText),ErrorText,OKText)) -> OK
A36: 规则参考 Rules Ref | C36: 安全回路原理图 Shutdown Circuit Schematic | K36: =IF(COUNTIF(K38:K62,"="&IncompleteText),IncompleteText,IF(COUNTIF(K38:K62,"="&ErrorText),ErrorText,OKText)) -> OK | M36: BSPD原理图 BSPD schematic | W36: =IF(COUNTIF(W38:W41,"="&IncompleteText),IncompleteText,IF(COUNTIF(W38:W41,"="&ErrorText),ErrorText,OKText)) -> OK | AW36: 补充说明-2 additional comment 2
Y37: 继电器检测电路必须位于电池箱内部,禁止将辅助触点/电压测量线引出 TSAL relay status detecion must be within the Accumulator, aux contacts/aux volatge not wiring out | AH37: TRUE | AI37: =IF(ISBLANK(AH37),IncompleteText,IF(AH37,OKText,ErrorText)) -> OK | AK37: 电压检测器件来源 Source of voltage sensors | AT37: 供应商 purchased | AU37: =IF(ISBLANK(AT37),IncompleteText,OKText) -> OK | AW37: 电压传感器采用1～5 V输出，对应TS电压0～500 V。传感器信号经板内1:1分压后，比较器输入范围为0.5～2.5 V，其传递关系为：Vcmp = 0.5 + 0.004 × VTS。当TS电压为60 VDC时，传感器输出约1.48 V，比较器输入约0.740 V。因此，红灯电压判断参考值设计为约0.74 V；现有分压网络的标称参考电压约为0.743 V。最终翻转点应结合电压传感器误差、电阻容差和比较器输入失调，通过实车电路台架校准，保证TS电压达到60 VDC时红灯已经可靠触发，并记录实际触发电压。
A38: T 12.3, EV 6.2 | C38: LVMS | J38: TRUE | K38: =IF(ISBLANK(J38),IncompleteText,IF(J38,OKText,ErrorText)) -> OK | M38: BSPD电流传感器输入短路/短路保护 BSPD Current Sensor input open/short protection | V38: TRUE | W38: =IF(ISBLANK(V38),IncompleteText,IF(V38,OKText,ErrorText)) -> OK | Y38: 注明各个部分位于的实际壳体及系统 Physical locations of all TS components enclosures | AH38: TRUE | AI38: =IF(ISBLANK(AH38),IncompleteText,IF(AH38,OKText,ErrorText)) -> OK | AK38: 电压传感器绝缘电压 Galvanic Isolation level (V) | AT38: 2000 | AU38: =IF(AT$37="车队自制原理 team made",OKText,IF(ISBLANK(AT38),IncompleteText,IF(AT38,OKText,ErrorText))) -> OK
A39: T 12.2, EV 6.2 | C39: TSMS | J39: TRUE | K39: =IF(ISBLANK(J39),IncompleteText,IF(J39,OKText,ErrorText)) -> OK | M39: BSPD制动传感器输入短路/短路保护 BSPD Brake Sensor input open/short protection | V39: TRUE | W39: =IF(ISBLANK(V39),IncompleteText,IF(V39,OKText,ErrorText)) -> OK | Y39: 壳体外信号线注明信号类型(数字,模拟) The type of signal outside enclosures (digital , analog) | AH39: TRUE | AI39: =IF(ISBLANK(AH39),IncompleteText,IF(AH39,OKText,ErrorText)) -> OK | AK39: 电压传感器说明书超链接 Sensor datasheet | AT39: BD100系列 | AU39: =IF(AT$37="车队自制原理 team made",OKText,IF(ISBLANK(AT39),IncompleteText,IF(AT39,OKText,ErrorText))) -> #VALUE!
A40: T 12.4, EV 6..3 | C40: 2x侧面急停 2x shutdown buttons on both sides | J40: TRUE | K40: =IF(ISBLANK(J40),IncompleteText,IF(J40,OKText,ErrorText)) -> OK | M40: 自动复位计时部分符合规则要求 Auto-reset timer settings | V40: TRUE | W40: =IF(ISBLANK(V40),IncompleteText,IF(V40,OKText,ErrorText)) -> OK | Y40: 注明锁存逻辑的位置 Position of the latching logic | AH40: TRUE | AI40: =IF(ISBLANK(AH40),IncompleteText,IF(AH40,OKText,ErrorText)) -> OK | AK40: 原理图清晰可读 Schematic readable | AU40: =IF(AT$37="供应商 purchased",OKText,IF(ISBLANK(AT40),IncompleteText,IF(AT40,OKText,ErrorText))) -> OK
A41: T 12.4, EV 6..3 | C41: 驾驶舱急停 Cockpit shutdown button | J41: TRUE | K41: =IF(ISBLANK(J41),IncompleteText,IF(J41,OKText,ErrorText)) -> OK | M41: 安全回路继电器 Shutdown circuit powerstage | V41: TRUE | W41: =IF(ISBLANK(V41),IncompleteText,IF(V41,OKText,ErrorText)) -> OK | Y41: 禁止在壳体外出现无过流保护的驱动系统采样线段落（注明保险丝的物理位置）No TS volatge detection wires outside enclosures if not protected by fuses | AH41: TRUE | AI41: =IF(ISBLANK(AH41),IncompleteText,IF(AH41,OKText,ErrorText)) -> OK | AK41: 标注所有的驱动系统元器件（包括接插件)的型号和额定电压 Type and rated volatge of all TS components | AU41: =IF(AT$37="供应商 purchased",OKText,IF(ISBLANK(AT41),IncompleteText,IF(AT41,OKText,ErrorText))) -> OK
A42: T 7.3 | C42: 制动超程开关 Brake Over Travel Switch (BOTS) | J42: TRUE | K42: =IF(ISBLANK(J42),IncompleteText,IF(J42,OKText,ErrorText)) -> OK | M42: 补充说明 Additional Comments | V42: 规则参考 Rules Ref | Y42: 补充说明 Additional Comments | AH42: 规则参考 Rules Ref | AK42: 隔离器件的说明书超链接 Datasheet of galvanic devices | AU42: =IF(AT$37="供应商 purchased",OKText,IF(ISBLANK(AT42),IncompleteText,IF(ISBLANK(AT42),ErrorText,OKText))) -> OK
A43: T 12.5 | C43: 惯性开关 Inertia Switch | J43: TRUE | K43: =IF(ISBLANK(J43),IncompleteText,IF(J43,OKText,ErrorText)) -> OK | M43: 电流传感器输入保护： 电流传感器信号经10kΩ上拉电阻接入比较器，断路时输入被拉高至5V，短路到地时输入为0V，两种故障均超出正常工作范围，比较器输出异常，触发安全回路断开，符合T 12.10.2要求。 制动传感器输入保护： 四路油压传感器信号（OIL1~OIL4）经10kΩ上拉电阻接入LM339四路比较器，断路时上拉至5V，短路到地时拉低至0V，均超出有效信号范围，触发保护，符合T 12.10.2要求。 延时计时设置： 采用LM555定时器实现500ms触发确认延时（T 12.6.2）及10秒以上自动复位延时（T 12.6.1）。触发条件消失并持续10秒以上后，BSPD可自行复位，安全回路重新闭合。 | V43: T 12.6 | Y43: 已标注保险丝位置 | AH43: EV 4.10 | AK43: 标注驱动系统电阻的额定功率(如果有) Rated power of TS resistors, if used | AU43: =IF(AT$37="供应商 purchased",OKText,IF(ISBLANK(AT43),IncompleteText,IF(AT43,OKText,ErrorText))) -> OK
A44: EV 6.1.6 | C44: 电池管理系统控制的继电器 AMS controlled powerstage | J44: TRUE | K44: =IF(ISBLANK(J44),IncompleteText,IF(J44,OKText,ErrorText)) -> OK | AK44: 驱动系统电路保险丝型号 Type of TS fuses | AT44: PV-2A10F | AU44: =IF(ISBLANK(AT44),IncompleteText,IF(ISBLANK(AT44),ErrorText,OKText)) -> OK
A45: EV 6.1.6 | C45: IMD控制的继电器 IMD controlled powerstage | J45: TRUE | K45: =IF(ISBLANK(J45),IncompleteText,IF(J45,OKText,ErrorText)) -> OK | AK45: 保险丝额定电压 Rated Voltage of the fuse | AT45: =VLOOKUP(AT44,FuseTable,2,FALSE) -> 1000 | AU45: =IF(ISNA(AT45),IncompleteText,OKText) -> OK
A46: T 12.6 | C46: BSPD | J46: TRUE | K46: =IF(ISBLANK(J46),IncompleteText,IF(J46,OKText,ErrorText)) -> OK | AK46: 如果阈值是固定的，给出计算过程（右侧补充说明-2）IF volatge threshold is not adjustable, please give the cacualtion on additional comment -2 | AT46: TRUE | AU46: =IF(ISBLANK(AT46),IncompleteText,IF(AT46,OKText,ErrorText)) -> OK
A47: EV 4.5.10 | C47: HVD互锁 HVD Interlock | J47: TRUE | K47: =IF(ISBLANK(J47),IncompleteText,IF(J47,OKText,ErrorText)) -> OK | AK47: 电压检测结果之间不存在任何可靠性检查 No plausibility check among volatage detections | AT47: TRUE | AU47: =IF(ISBLANK(AT47),IncompleteText,IF(AT47,OKText,ErrorText)) -> OK
A48: EV 6.1.9 | C48: IMD, AMS, BSPD的继电器是相互独立的 IMD,AMS and BSPD have independent powerstages | J48: TRUE | K48: =IF(ISBLANK(J48),IncompleteText,IF(J48,OKText,ErrorText)) -> OK | AK48: 闪烁频率设定电路 Flashing frequency settings | AT48: TRUE | AU48: =IF(ISBLANK(AT48),IncompleteText,IF(AT48,OKText,ErrorText)) -> OK
A49: EV 4.4.3 | C49: 轮边互锁 Outboard wheel motor interlocks (if exists) | J49: TRUE | K49: =IF(ISBLANK(J49),IncompleteText,IF(J49,OKText,ErrorText)) -> OK | Y49: TSAL - 总体要求 General | AI49: =IF(COUNTIF(AI51:AI52,"="&IncompleteText),IncompleteText,IF(COUNTIF(AI51:AI52,"="&ErrorText),ErrorText,OKText)) -> OK
A50: T 12.7 | C50: 低压电池 LVS battery | J50: TRUE | K50: =IF(ISBLANK(J50),IncompleteText,IF(J50,OKText,ErrorText)) -> OK | Y50: 所有的原理图合并后需要满足下述要求 The schematics jointly shows | AK50: TSAL绿灯继电器状态检测和信号处理电路 TSAL Green Light Relay Status Detection and Signal Processing Circuit | AW50: TSAL通用-锁存逻辑 TSAL general - latching logic
C51: 低压系统保险丝 LVS fuse | J51: TRUE | K51: =IF(ISBLANK(J51),IncompleteText,IF(J51,OKText,ErrorText)) -> OK | Y51: 所有逻辑实现必须是不可编程的纯硬件电路 Non-programmable logic based on hardwares | AH51: TRUE | AI51: =IF(ISBLANK(AH51),IncompleteText,IF(AH51,OKText,ErrorText)) -> OK
C52: 标注线径 Wiring gauge | J52: TRUE | K52: =IF(ISBLANK(J52),IncompleteText,IF(J52,OKText,ErrorText)) -> OK | Y52: 绿灯和红灯必须可以同时亮起（禁止电路存在二元选择的逻辑） | AH52: TRUE | AI52: =IF(ISBLANK(AH52),IncompleteText,IF(AH52,OKText,ErrorText)) -> OK
A53: EV 5.7 | C53: 预充电继电器 Precharge relay coil | J53: TRUE | K53: =IF(ISBLANK(J53),IncompleteText,IF(J53,OKText,ErrorText)) -> OK
A54: EV 6.1.3 | C54: 主正线圈 AIR+ coil | J54: TRUE | K54: =IF(ISBLANK(J54),IncompleteText,IF(J54,OKText,ErrorText)) -> OK
C55: 主负线圈 AIR- coil | J55: TRUE | K55: =IF(ISBLANK(J55),IncompleteText,IF(J55,OKText,ErrorText)) -> OK | Y55: TSAL - 真值表自查 Truth Table | AI55: =IF(COUNTIF(AI58:AI63,"="&IncompleteText),IncompleteText,IF(COUNTIF(AI58:AI63,"="&ErrorText),ErrorText,OKText)) -> OK
C56: 放电继电器线圈 Discharge relay coil | J56: TRUE | K56: =IF(ISBLANK(J56),IncompleteText,IF(J56,OKText,ErrorText)) -> OK | Y56: 请根据车队的设计填写TSAL的状态，在LVS供电的情况下 Based on TSAL design, with LVS power on
A57: EV 6.1.4 | C57: TSMS是最后一个开关(互锁除外) TSMS is the last switch (except for interlocks) | J57: TRUE | K57: =IF(ISBLANK(J57),IncompleteText,IF(J57,OKText,ErrorText)) -> OK | Y57: 场景 Scenerios | AG57: 绿灯 Green | AH57: 红灯 Red
C58: LVMS是第一个开关 LVMS is the first switch | J58: TRUE | K58: =IF(ISBLANK(J58),IncompleteText,IF(J58,OKText,ErrorText)) -> OK | Y58: HVD移除就进行上电，预充电开始 Start Precharge without HVD on | AG58: 熄灭 OFF | AH58: 熄灭 OFF | AI58: =IF(OR(ISBLANK(AG58),ISBLANK(AH58)),IncompleteText,IF(AND(AH58="熄灭 OFF",AG58="熄灭 OFF"),OKText,ErrorText)) -> OK
C59: 使用通用的原理图符号 Proper electrical schematic symbols | J59: TRUE | K59: =IF(ISBLANK(J59),IncompleteText,IF(J59,OKText,ErrorText)) -> OK | Y59: 绿灯电压检测线开路，但是未开始进行上电操作 Green light voltage detection open, but not activite TS | AG59: 常亮 ON | AH59: 熄灭 OFF | AI59: =IF(OR(ISBLANK(AG59),ISBLANK(AH59)),IncompleteText,IF(AND(AG59="常亮 ON",AH59="熄灭 OFF"),OKText,ErrorText)) -> OK
C60: 图片高清 Readable with zooming | J60: TRUE | K60: =IF(ISBLANK(J60),IncompleteText,IF(J60,OKText,ErrorText)) -> OK | Y60: 从高压壳体中引出，传输测量结果的低压线开路，但是未开始上电 LVS signal presenting status from TS enclosres open, but not activite TS | AG60: 常亮 ON | AH60: 熄灭 OFF | AI60: =IF(OR(ISBLANK(AG60),ISBLANK(AH60)),IncompleteText,IF(AND(AG60="常亮 ON",AH60="熄灭 OFF"),OKText,ErrorText)) -> OK
A61: EV 4.11.2 | C61: 闭合任何一个开关都不能（再）激活驱动系统 Closing any switch will not (re)activate TS | J61: TRUE | K61: =IF(ISBLANK(J61),IncompleteText,IF(J61,OKText,ErrorText)) -> OK | Y61: 未上电时，由于快速推动车辆，电机控制器出现了超过60V的浪涌电压 When AIRs are open there are >60V volatge on motor controllers because of pushing the car too fast | AG61: 常亮 ON | AH61: 闪烁 Flashing | AI61: =IF(OR(ISBLANK(AG61),ISBLANK(AH61)),IncompleteText,IF(AND(AG61="常亮 ON",AH61="闪烁 Flashing"),OKText,ErrorText)) -> OK
A62: EV 4.5.10 | C62: 高压壳体外的高压接插件互锁 Interlocks on TS connectors outside of an enclosure | J62: TRUE | K62: =IF(ISBLANK(J62),IncompleteText,IF(J62,OKText,ErrorText)) -> OK | Y62: 电机控制器内高压检测线开路，开始上电 Activate TS when voltage detection in Motor controller open | AG62: 熄灭 OFF | AH62: 熄灭 OFF | AI62: =IF(OR(ISBLANK(AG62),ISBLANK(AH62)),IncompleteText,IF(AND(AH62="熄灭 OFF",AG62="熄灭 OFF"),OKText,ErrorText)) -> OK
A63: 补充说明 Additional Comments | J63: 规则参考 Rules Ref | Y63: ·未上电时，传输绿灯状态的低压SCS信号出现短路或者开路 When AIRs are open, the LVS SCS signal with green light information is short or open | AG63: 熄灭 OFF | AH63: 熄灭 OFF | AI63: =IF(OR(ISBLANK(AG63),ISBLANK(AH63)),IncompleteText,IF(AND(AH63="熄灭 OFF",AG63="熄灭 OFF"),OKText,ErrorText)) -> OK
A64: 高压壳体外的连接器仅有HVD和电池箱Amphenol插头，其对应互锁处已使用红虚线框标出；同时已文字说明BMS控制驱动系统激活逻辑 | J64: EV 6.1
A69: 轮边电机互锁保护 Interlocks of outboard motor | M69: AMS/IMD控制的继电器的锁存原理图 AMS/IMD controlled powerstage latching schematics
AK76: TSAL继电器状态检测电路和绿灯逻辑 TSAL green light - status detections and logic | AU76: =IF(COUNTIF(AU78:AU100,"="&IncompleteText),IncompleteText,IF(COUNTIF(AU78:AU100,"="&ErrorText),ErrorText,OKText)) -> OK | AW76: TSAL锁存逻辑 TSAL latching logic | BG76: =IF(COUNTIF(BG78:BG80,"="&IncompleteText),IncompleteText,IF(COUNTIF(BG78:BG80,"="&ErrorText),ErrorText,OKText)) -> OK
AK78: AIRs继电器真实状态测量方式 Method of AIR status detections | AT78: 辅助触点 Auxiliary Contacts | AU78: =IF(ISBLANK(AT78),IncompleteText,OKText) -> OK | AW78: TSAL绿灯部分存在锁存逻辑 TSALgreen light latch logic | BF78: TRUE | BG78: =IF(ISBLANK(BF78),IncompleteText,IF(BF78,OKText,ErrorText)) -> OK
AK79: AIR型号 AIR Type | AT79: EVL250-HAD | AU79: =IF(ISBLANK(AT79),IncompleteText,OKText) -> OK | AW79: TSAL红灯部分不存在锁存逻辑 No TSAL red light latch logic | BF79: TRUE | BG79: =IF(ISBLANK(BF79),IncompleteText,IF(BF79,OKText,ErrorText)) -> OK
AK80: AIR说明书超连接 AIR Datasheet Hyperlink | AT80: =VLOOKUP(AT79,ContactorsTable,6,FALSE) -> EVL250-HAD_AIR | AU80: =IF(ISNA(AT80),IncompleteText,OKText) -> OK | AW80: 锁存仅能通过重新上电进行重置 Reset by powercycle only | BF80: TRUE | BG80: =IF(ISBLANK(BF80),IncompleteText,IF(BF80,OKText,ErrorText)) -> OK
AK81: 辅助触点存在 Auxiliary Contacts exist | AT81: TRUE | AU81: =IF(AT78="其他测量方式 Others",OKText,IF(ISBLANK(AT81),IncompleteText,IF(AT81,OKText,ErrorText))) -> OK
AK82: 预充电继电器真实状态测量方式 Method of Precharge relay status detections | AT82: 辅助触点 Auxiliary Contacts | AU82: =IF(ISBLANK(AT82),IncompleteText,OKText) -> OK
AK83: 预充电继电器型号 Precharge relay type | AT83: LEV50-12HD | AU83: =IF(ISBLANK(AT83),IncompleteText,OKText) -> OK
AK84: 预充电继电器说明书超连接 Precharge relay datasheet | AT84: =VLOOKUP(AT83,ContactorsTable,6,FALSE) -> LEV50-12HD_预充电 Precharge | AU84: =IF(ISNA(AT84),IncompleteText,OKText) -> OK
AK85: 辅助触点存在 Auxiliary Contacts exist | AT85: TRUE | AU85: =IF(ISBLANK(AT85),IncompleteText,IF(AT85,OKText,ErrorText)) -> OK
AK86: 其他测量原理展示明确 Methods (Others) clearly shown | AU86: =IF(AT78="辅助触点 Auxiliary Contacts",OKText,IF(ISBLANK(AT86),IncompleteText,IF(AT86,OKText,ErrorText))) -> OK
AK87: 所有驱动系统器件型号，额定电压均有标注，电阻元器件额定功率有标注 Type and rated volatge of all TS components, rated power with TS resistors | AU87: =IF(AT78="辅助触点 Auxiliary Contacts",OKText,IF(ISBLANK(AT87),IncompleteText,IF(AT87,OKText,ErrorText))) -> OK
AK88: 存在AIR的闭合意图检测 Detections of AIR intentions | AT88: TRUE | AU88: =IF(ISBLANK(AT88),IncompleteText,IF(AT88,OKText,ErrorText)) -> OK
AK89: 存在继电器闭合意图和实际状态的可靠性检查，不可靠将导致绿灯熄灭 Plausibility check between intentions and actual status, which turn off the green light when inplausible | AT89: TRUE | AU89: =IF(ISBLANK(AT89),IncompleteText,IF(AT89,OKText,ErrorText)) -> OK
AK90: 电压检测器件来源 Source of voltage sensors | AT90: 购买传感器 Purchased | AU90: =IF(ISBLANK(AT90),IncompleteText,OKText) -> OK
AK91: 电压传感器绝缘电压(V) Galvanic Isolation level | AT91: 3500 | AU91: =IF(AT$90="车队自制原理 Team design",OKText,IF(ISBLANK(AT91),IncompleteText,OKText)) -> OK
AK92: 电压传感器说明书超链接 Sensor datasheet | AT92: ACTDS系列直流电压传感器V1.0 | AU92: =IF(AT$90="车队自制原理 Team design",OKText,IF(ISBLANK(AT92),IncompleteText,OKText)) -> OK
AK93: 原理图清晰可读 Schematic readable | AU93: =IF(AT$90="购买传感器 Purchased",OKText,IF(ISBLANK(AT93),IncompleteText,IF(AT93,OKText,ErrorText))) -> OK
AK94: 标注所有的驱动系统元器件（包括接插件)的型号和额定电压 Type and rated volatge of all TS components | AU94: =IF(AT$90="购买传感器 Purchased",OKText,IF(ISBLANK(AT94),IncompleteText,IF(AT94,OKText,ErrorText))) -> OK
A95: 规则参考 Rules Ref | C95: 轮边电机互锁保护 Interlocks of outboard motor | K95: =IF(AND(J97=FALSE,NOT(ISBLANK(J97))),OKText,IF(COUNTIF(K97:K99,"="&IncompleteText),IncompleteText,IF(COUNTIF(K97:K99,"="&ErrorText),ErrorText,OKText))) -> OK | M95: 规则参考 Rules Ref | O95: AMS/IMD控制的继电器的锁存原理图 AMS/IMD controlled powerstage latching schematics | W95: =IF(AND(V97=FALSE,NOT(ISBLANK(V97))),OKText,IF(COUNTIF(W97:W99,"="&IncompleteText),IncompleteText,IF(COUNTIF(W97:W99,"="&ErrorText),ErrorText,OKText))) -> OK | AK95: 隔离器件的说明书超链接 Datasheet of galvanic devices | AU95: =IF(AT90="购买传感器 Purchased",OKText,IF(ISBLANK(AT95),IncompleteText,IF(ISBLANK(AT95),ErrorText,OKText))) -> OK
AK96: 标注驱动系统电阻的额定功率(如果有) Rated Power of all TS resistors if used | AU96: =IF(AT$90="购买传感器 Purchased",OKText,IF(ISBLANK(AT96),IncompleteText,IF(AT96,OKText,ErrorText))) -> OK
A97: EV 4.4.3 | C97: 使用轮边电机？ If outboard motors are used | J97: FALSE | K97: =IF(ISBLANK(J97),IncompleteText,OKText) -> OK | M97: EV 6.1.6 EV 6.1.7 EV 6.1.9 EV 6.1.11 | O97: 继电器触点为常开 Powerstage status is open when no power | V97: TRUE | W97: =IF(ISBLANK(V97),IncompleteText,OKText) -> OK | AK97: 驱动系统电路保险丝型号 Type of TS fuses | AT97: FWH-60B | AU97: =IF(ISBLANK(AT97),IncompleteText,IF(ISBLANK(AT97),ErrorText,OKText)) -> OK
C98: 互锁线沿悬架布置(其中一根杆即可）Interlock wiring alongside with one of the suspension bars | K98: =IF(ISBLANK(J98),IncompleteText,IF(J98,OKText,ErrorText)) -> BLANK | O98: 锁存原理明确 Latch methods clear | V98: TRUE | W98: =IF(ISBLANK(V98),IncompleteText,IF(V98,OKText,ErrorText)) -> OK | AK98: 保险丝额定电压 Rated Voltage of the fuse | AT98: =VLOOKUP(AT97,FuseTable,2,FALSE) -> 500 | AU98: =IF(ISNA(AT98),IncompleteText,OKText) -> OK
C99: 互锁线沿驱动系统线缆布置 Interlock wiring alongside with TS wires | K99: =IF(ISBLANK(J99),IncompleteText,IF(J99,OKText,ErrorText)) -> BLANK | O99: 复位方式说明明确 Reset methods clear | V99: TRUE | W99: =IF(ISBLANK(V99),IncompleteText,IF(V99,OKText,ErrorText)) -> OK | AK99: 电压测量部分，如果阈值是固定的，给出计算过程（右侧补充说明-2） IF volatge threshold is not adjustable, please give the cacualtion on additional comment -2 | AT99: TRUE | AU99: =IF(ISBLANK(AT99),IncompleteText,IF(AT99,OKText,ErrorText)) -> OK
AK100: 存在继电器闭合意图和测量电压的可靠性检查，不可靠将导致绿灯熄灭 Plausibility check between intentions and actual TS voltage , which turn off the green light when inplausible | AT100: TRUE | AU100: =IF(ISBLANK(AT100),IncompleteText,IF(AT100,OKText,ErrorText)) -> OK

Sheet 其他 Others
A1: 状态 Status | B1: =IF(SUM(COUNTIF(INDIRECT({"$H$2","$F$8","$L$8","$R$8","$X$8","$H$34","$Q$34","$Z$34","$Z$36","$AI$34"}),"="&IncompleteText)),IncompleteText,IF(SUM(COUNTIF(INDIRECT({"$H$2","$F$8","$L$8","$R$8","$X$8","$H$34","$Q$34","$Z$34","$Z$36","$AI$34"}),"="&ErrorText)),ErrorText,OKText)) -> OK
A2: 整车驱动架构设计 Vehicle Drive Architecture Design | H2: =IF(COUNTIF(H3:H6,"="&IncompleteText),IncompleteText,IF(COUNTIF(H3:H6,"="&ErrorText),ErrorText,OKText)) -> OK
A3: 前轮驱动状态 Front Axle Drive State | F3: 无驱动 Undriven | H3: =IF(ISBLANK(F3),IncompleteText,OKText) -> OK
A4: 后轮驱动状态 Rear Axle Drive State | F4: 单电机驱动 Single‑Motor Drive | H4: =IF(ISBLANK(F4),IncompleteText,OKText) -> OK
A5: 所使用的电机控制器种类 Types of motor controllers used | F5: 1 | H5: =IF(ISBLANK(F5),IncompleteText,OKText) -> OK
A6: 所使用的电机种类 Types of motors used | F6: 1 | H6: =IF(ISBLANK(F6),IncompleteText,OKText) -> OK
A8: 电机控制器 Motor Controller | F8: =IF(COUNTIF(F9:F13,"="&IncompleteText),IncompleteText,IF(COUNTIF(F9:F13,"="&ErrorText),ErrorText,OKText)) -> OK | G8: 电机控制器2 Motor Controller2 | L8: =IF(F5<>2,OKText,IF(COUNTIF(L9:L13,"="&IncompleteText),IncompleteText,IF(COUNTIF(L9:L13,"="&ErrorText),ErrorText,OKText))) -> OK | M8: 电机 Motors | R8: =IF(COUNTIF(R9:R11,"="&IncompleteText),IncompleteText,IF(COUNTIF(R9:R11,"="&ErrorText),ErrorText,OKText)) -> OK | S8: 电机2 Motors 2 | X8: =IF(F6<>2,OKText,IF(COUNTIF(X9:X11,"="&IncompleteText),IncompleteText,IF(COUNTIF(X9:X11,"="&ErrorText),ErrorText,OKText))) -> OK
A9: 制造商 Manufacturer | D9: 精进电动 | F9: =IF(ISBLANK(D9),IncompleteText,OKText) -> OK | G9: 制造商 Manufacturer | L9: =IF(ISBLANK(J9),IncompleteText,OKText) -> BLANK | M9: 制造商 Manufacturer | P9: 精进电动 | R9: =IF(ISBLANK(P9),IncompleteText,OKText) -> OK | S9: 制造商 Manufacturer | X9: =IF(ISBLANK(V9),IncompleteText,OKText) -> BLANK
A10: 型号 Type | D10: 单体式HVP3-600 | F10: =IF(ISBLANK(D10),IncompleteText,OKText) -> OK | G10: 型号 Type | L10: =IF(ISBLANK(J10),IncompleteText,OKText) -> BLANK | M10: 型号 Type | P10: SD154-TZ154XS201D8 | R10: =IF(ISBLANK(P10),IncompleteText,OKText) -> OK | S10: 型号 Type | X10: =IF(ISBLANK(V10),IncompleteText,OKText) -> BLANK
A11: 说明书超连接 Datasheet | D11: 单体式HVP3-600 | F11: =IF(ISBLANK(D11),IncompleteText,OKText) -> OK | G11: 说明书超连接 Datasheet | L11: =IF(ISBLANK(J11),IncompleteText,OKText) -> BLANK | M11: 说明书超链接 Datasheet hyperlink | P11: SD154-TZ154XS201D8 | R11: =IF(ISBLANK(P11),IncompleteText,OKText) -> OK | S11: 说明书超链接 Datasheet hyperlink | X11: =IF(ISBLANK(V11),IncompleteText,OKText) -> BLANK
A12: 高低压系统绝缘电压 Galvanic Isolation voltage | D12: 1500 | E12: V | F12: =IF(ISBLANK(D12),IncompleteText,IF(D12<MaxTSVoltage,ErrorText,OKText)) -> OK | G12: 高低压系统绝缘电压 Galvanic Isolation voltage | K12: V | L12: =IF(ISBLANK(J12),IncompleteText,IF(J12<MaxTSVoltage,ErrorText,OKText)) -> BLANK
S14: 低压电池 LVS Battery | Z14: =IF(SUM(COUNTIF(INDIRECT({"$Z$28","$Z$30","$AI$28"}),"="&IncompleteText)),IncompleteText,IF(SUM(COUNTIF(INDIRECT({"$Z$28","$Z$30","$AI$28"}),"="&ErrorText)),ErrorText,OKText)) -> OK
A15: 能量计安装位置CAD/渲染图 Energy Meter Location | J15: HVD位置及与包络面的关系 HVD location and its relations with the envelop | S15: 低压电池位置CAD/渲染图 LVS Battery Location | AB15: 自制低压锂电池原理图 Schematic Diagram for a Homemade Low-Voltage Lithium Battery
A34: 能量计安装位置CAD/渲染图 Energy Meter Location | H34: =IF(COUNTIF(H35,"="&IncompleteText),IncompleteText,IF(COUNTIF(H35,"="&ErrorText),ErrorText,OKText)) -> OK | J34: HVD安装位置CAD/渲染图 HVD Location CAD/renderings | Q34: =IF(COUNTIF(Q35,"="&IncompleteText),IncompleteText,IF(COUNTIF(Q35,"="&ErrorText),ErrorText,OKText)) -> OK | S34: 低压电池位置CAD/渲染图 LVS Battery Location | Z34: =IF(COUNTIF(Z35,"="&IncompleteText),IncompleteText,IF(COUNTIF(Z35,"="&ErrorText),ErrorText,OKText)) -> OK | AB34: 锂电池低压电池电芯电压温度采样 | AI34: =IF(Y38="其他锂电池 Other Li-ion",IF(COUNTIF(AI35:AI42,"="&IncompleteText),IncompleteText,IF(COUNTIF(AI35:AI42,"="&ErrorText),ErrorText,OKText)),OKText) -> OK
A35: 能量计位置 Location of Energy Meter | G35: TRUE | H35: =IF(ISBLANK(G35),IncompleteText,IF(G35,OKText,ErrorText)) -> OK | J35: HVD位于包络面内 HVD inside rollover envelop | P35: TRUE | Q35: =IF(ISBLANK(P35),IncompleteText,IF(P35,OKText,ErrorText)) -> OK | S35: 低压电池布置位置符合规则要求 Location Rules complicant | Y35: TRUE | Z35: =IF(ISBLANK(Y35),IncompleteText,IF(Y35,OKText,ErrorText)) -> OK | AB35: 低压电池管理系统来源 LVS BMS source | AI35: =IF(ISBLANK(AH35),IncompleteText,OKText) -> BLANK
A36: 补充说明 Additional Comment | J36: HVD和空接插件外观不同 HVD and dummy connector appearance not same | P36: TRUE | Q36: =IF(ISBLANK(P36),IncompleteText,IF(P36,OKText,ErrorText)) -> OK | S36: 低压电池说明 LVS Battery | Z36: =IF(COUNTIF(Z37:Z45,"="&IncompleteText),IncompleteText,IF(COUNTIF(Z37:Z45,"="&ErrorText),ErrorText,OKText)) -> OK | AB36: 低压电池管理系统型号 BMS Type number | AI36: =IF(AH$35="车队自制 Team made",OKText,IF(ISBLANK(AH36),IncompleteText,OKText)) -> BLANK
A37: 壳体选用3mm厚阻燃级工程塑料（ABS）注塑成型，满足机械强度与阻燃防护要求；壳体内部全面铺设FORMEX绝缘阻燃材料作为内衬隔离层，将壳体内壁与高压导体、功率模块及能量计组件进行二次电气与热隔离，有效防止高压绝缘失效或故障拉弧。能量计（数据记录仪）在配电盒内的安装位置物理上位于电池箱侧（输入端）与电机控制器侧（输出端）之间，其正负极主回路线束严格按设计路径穿行并串联连接至能量计，确保驱动系统全部电流均流经能量计进行采样。各线束及模块在壳体内的布置错落有序，且通过绝缘支架或线夹进行可靠定位，避免行车震动导致线束磨损或相互短接。 | J37: 补充说明 Additional Comment | S37: 低压电池制造方式 Source of LVS Battery | Y37: 供应商提供 Supplier | Z37: =IF(ISBLANK(Y37),IncompleteText,OKText) -> OK | AB37: 低压电池管理系统说明书超链接 Datasheet hyperlink | AI37: =IF(AH$35="车队自制 Team made",OKText,IF(ISBLANK(AH37),IncompleteText,OKText)) -> BLANK
S38: 电池电芯化学类型 Chemical type of cells | Y38: 磷酸铁锂 LiFePO4 | Z38: =IF(ISBLANK(Y38),IncompleteText,IF(Y38="非锂电池",IF(#REF!=OKText,OKText,IncompleteText),OKText)) -> OK | AB38: 在上面补充内容附上足够清晰的原理图 Schematics on the up additional comments | AI38: =IF(AH$35="供应商提供 Suppliers",OKText,IF(ISBLANK(AH38),IncompleteText,IF(AH38,OKText,ErrorText))) -> BLANK
S39: 电芯/电池说明书超连接 Cell datasheet hyperlink | Y39: 超霸力24V20ah磷酸铁锂电池组 | Z39: =IF(ISBLANK(Y39),IncompleteText,OKText) -> OK | AB39: 能够至少断开低压电池一极 Able disconnect one of the pole of the battery | AI39: =IF(ISBLANK(AH39),IncompleteText,IF(AH39,OKText,ErrorText)) -> BLANK
S40: 串联数 # of serial | Y40: 8 | Z40: =IF(ISBLANK(Y40),IncompleteText,OKText) -> OK | AB40: 温度采样点数量占比 Cells measured by temp sensors [%] | AI40: =IF(ISBLANK(AH40),IncompleteText,IF(AH40>=30,OKText,ErrorText)) -> BLANK
S41: 并联数 # of parallel | Y41: 1 | Z41: =IF(ISBLANK(Y41),IncompleteText,OKText) -> OK | AB41: 电压采样点数量占比 Cells measured by voltage sensors [%] | AI41: =IF(ISBLANK(AH41),IncompleteText,IF(AH41>=100,OKText,ErrorText)) -> BLANK
S42: 电芯单体最大电压 Max cell voltage [V] | Y42: 3.65 | Z42: =IF(ISBLANK(Y42),IncompleteText,OKText) -> OK | AB42: 上位机通讯展示 Communication with an host interface | AI42: =IF(ISBLANK(AH42),IncompleteText,IF(AH42,OKText,ErrorText)) -> BLANK
S43: 电芯单体额定电压 Noimal cell voltage [V] | Y43: 3.2 | Z43: =IF(ISBLANK(Y43),IncompleteText,OKText) -> OK
S44: 电芯单体最大工作温度 Max cell operation temperature [C] | Y44: 85 | Z44: =IF(ISBLANK(Y44),IncompleteText,OKText) -> OK
A45: 补充说明 Additional comments | S45: LVS最大电压 LVS battery pack max voltage [V] | Y45: =Y40*Y42 -> 29.2 | Z45: =IF(OR(ISBLANK(Y40),ISBLANK(Y42)),IncompleteText,IF(Y45<=60,OKText,ErrorText)) -> OK
A46: 补充了一些能量计安装位置与壳体的信息；修改了低压电池单体最大电压

Sheet 接地 Grounding
A1: 状态 Status | B1: {=IF(SUM(COUNTIF(INDIRECT({"$E$2","$I$2","$O$2"}),"="&IncompleteText)),IncompleteText,IF(SUM(COUNTIF(INDIRECT({"$E$2","$I$2","$O$2"}),"="&ErrorText)),ErrorText,OKText))} -> OK
A2: 表-1 基本部件接地要求 Grounding of primary parts | E2: =IF(COUNTIF(E4:E93,"="&IncompleteText),IncompleteText,IF(COUNTIF(E4:E93,"="&ErrorText),ErrorText,OKText)) -> OK | G2: 表-2 所有驱动系统10cm以内的碳纤维部件（在表-1中未体现）All carbon fiber parts with in 10cm of TS (not listed in table-1) | I2: =IF(COUNTIF(I4:I93,"="&IncompleteText),IncompleteText,IF(COUNTIF(I4:I93,"="&ErrorText),ErrorText,OKText)) -> OK | K2: 所有驱动系统壳体（在表-1及表-2中未体现）All TS enclosure (not listed in table 1 and 2) | O2: =IF(COUNTIF(O4:O93,"="&IncompleteText),IncompleteText,IF(COUNTIF(O4:O93,"="&ErrorText),ErrorText,OKText)) -> OK
A3: 位置 Parts | B3: 材料类型 Type of Materials | C3: 接地点说明图片 Grounding Point picture | D3: 承受电流强度 Ampacity [A] | G3: 位置 Parts | H3: 接地点说明图片 Grounding Point picture | K3: 位置 Parts | L3: 材料类型 Type of Materials | M3: 接地点说明图片 Grounding Point picture | N3: 承受电流强度 Ampacity [A]
A4: 主环 Main hoop | B4: 导电 Conductive | C4: TRUE | D4: 6 | E4: {=IF(ISBLANK(D4),IncompleteText,IF(AND(C4,D4>=0.1*FuseNoiCur),OKText,ErrorText))} -> OK | G4: 不适用 N/A：所有碳纤维件均距 TS 部件大于 100 mm | H4: TRUE | I4: =IF(ISERROR(IF(ISBLANK(G4),IncompleteText,IF(H4,OKText,IncompleteText))),IncompleteText,IF(ISBLANK(G4),IncompleteText,IF(H4,OKText,IncompleteText))) -> OK | K4: 电机控制器 | L4: 导电 Conductive | M4: TRUE | N4: 6 | O4: =IF(ISERROR(IF(L4="导电",IF(ISBLANK(N4),IncompleteText,IF(AND(M4,N4>=0.1*FuseNoiCur),OKText,ErrorText)),IF(M4,OKText,ErrorText))),IncompleteText,IF(L4="导电",IF(ISBLANK(N4),IncompleteText,IF(AND(M4,N4>=0.1*FuseNoiCur),OKText,ErrorText)),IF(M4,OKText,ErrorText))) -> OK
A14: 车架/单体壳 Chassis | B14: 导电 Conductive | C14: TRUE | D14: 6 | E14: =IF(ISERROR(IF(B14="导电",IF(ISBLANK(D14),IncompleteText,IF(AND(C14,D14>=0.1*FuseNoiCur),OKText,ErrorText)),IF(C14,OKText,ErrorText))),IncompleteText,IF(B14="导电",IF(ISBLANK(D14),IncompleteText,IF(AND(C14,D14>=0.1*FuseNoiCur),OKText,ErrorText)),IF(C14,OKText,ErrorText))) -> OK | H14: TRUE | I14: =IF(ISBLANK(G14),"",IF(H14,OKText,IncompleteText)) | K14: 电机 | L14: 导电 Conductive | M14: TRUE | N14: 6 | O14: =IF(ISERROR(IF(L14="导电",IF(ISBLANK(N14),IncompleteText,IF(AND(M14,N14>=0.1*FuseNoiCur),OKText,ErrorText)),IF(M14,OKText,ErrorText))),"",IF(L14="导电",IF(ISBLANK(N14),IncompleteText,IF(AND(M14,N14>=0.1*FuseNoiCur),OKText,ErrorText)),IF(M14,OKText,ErrorText))) -> OK
A24: 安全带安装点 Harness Mounting points | B24: 导电 Conductive | C24: TRUE | D24: 6 | E24: {=IF(ISBLANK(D24),IncompleteText,IF(AND(C24,D24>=0.1*FuseNoiCur),OKText,ErrorText))} -> OK | H24: TRUE | I24: =IF(ISBLANK(G24),"",IF(H24,OKText,IncompleteText)) | K24: 能量计 | L24: 绝缘 Isolated | M24: TRUE | N24: N/A | O24: =IF(ISERROR(IF(L24="导电",IF(ISBLANK(N24),IncompleteText,IF(AND(M24,N24>=0.1*FuseNoiCur),OKText,ErrorText)),IF(M24,OKText,ErrorText))),"",IF(L24="导电",IF(ISBLANK(N24),IncompleteText,IF(AND(M24,N24>=0.1*FuseNoiCur),OKText,ErrorText)),IF(M24,OKText,ErrorText))) -> OK
A34: 防火墙安装点 Firewall Mounting points | B34: 导电 Conductive | C34: TRUE | D34: 6 | E34: {=IF(ISBLANK(D34),IncompleteText,IF(AND(C34,D34>=0.1*FuseNoiCur),OKText,ErrorText))} -> OK | H34: TRUE | I34: =IF(ISBLANK(G34),"",IF(H34,OKText,IncompleteText)) | M34: 请将图片控制在此单元格范围内，并在单元格内填写TRUE Place the picture in this cell, and replace texts in this cell as 'True' | N34: 如果不是”导电”材料，本格留空 N/A if not conductive | O34: =IF(ISERROR(IF(L34="导电",IF(ISBLANK(N34),IncompleteText,IF(AND(M34,N34>=0.1*FuseNoiCur),OKText,ErrorText)),IF(M34,OKText,ErrorText))),"",IF(L34="导电",IF(ISBLANK(N34),IncompleteText,IF(AND(M34,N34>=0.1*FuseNoiCur),OKText,ErrorText)),IF(M34,OKText,ErrorText)))
A44: 防火墙 Firewall | B44: 导电 Conductive | C44: TRUE | D44: 6 | E44: {=IF(ISBLANK(D44),IncompleteText,IF(AND(C44,D44>=0.1*FuseNoiCur),OKText,ErrorText))} -> OK | H44: TRUE | I44: =IF(ISBLANK(G44),"",IF(H44,OKText,IncompleteText)) | M44: 请将图片控制在此单元格范围内，并在单元格内填写TRUE Place the picture in this cell, and replace texts in this cell as 'True' | N44: 如果不是”导电”材料，本格留空 N/A if not conductive | O44: =IF(ISERROR(IF(L44="导电",IF(ISBLANK(N44),IncompleteText,IF(AND(M44,N44>=0.1*FuseNoiCur),OKText,ErrorText)),IF(M44,OKText,ErrorText))),"",IF(L44="导电",IF(ISBLANK(N44),IncompleteText,IF(AND(M44,N44>=0.1*FuseNoiCur),OKText,ErrorText)),IF(M44,OKText,ErrorText)))
A54: 前悬架（左右）Front Suspensions (Left and right) | B54: 导电 Conductive | C54: TRUE | D54: 6 | E54: =IF(ISERROR(IF(B54="导电",IF(ISBLANK(D54),IncompleteText,IF(AND(C54,D54>=0.1*FuseNoiCur),OKText,ErrorText)),IF(C54,OKText,ErrorText))),IncompleteText,IF(B54="导电",IF(ISBLANK(D54),IncompleteText,IF(AND(C54,D54>=0.1*FuseNoiCur),OKText,ErrorText)),IF(C54,OKText,ErrorText))) -> OK | H54: TRUE | I54: =IF(ISBLANK(G54),"",IF(H54,OKText,IncompleteText)) | M54: 请将图片控制在此单元格范围内，并在单元格内填写TRUE Place the picture in this cell, and replace texts in this cell as 'True' | N54: 如果不是”导电”材料，本格留空 N/A if not conductive | O54: =IF(ISERROR(IF(L54="导电",IF(ISBLANK(N54),IncompleteText,IF(AND(M54,N54>=0.1*FuseNoiCur),OKText,ErrorText)),IF(M54,OKText,ErrorText))),"",IF(L54="导电",IF(ISBLANK(N54),IncompleteText,IF(AND(M54,N54>=0.1*FuseNoiCur),OKText,ErrorText)),IF(M54,OKText,ErrorText)))
A64: 后悬架（左右） Rear Suspensions (Left and right) | B64: 导电 Conductive | C64: TRUE | D64: 6 | E64: =IF(ISERROR(IF(B64="导电",IF(ISBLANK(D64),IncompleteText,IF(AND(C64,D64>=0.1*FuseNoiCur),OKText,ErrorText)),IF(C64,OKText,ErrorText))),IncompleteText,IF(B64="导电",IF(ISBLANK(D64),IncompleteText,IF(AND(C64,D64>=0.1*FuseNoiCur),OKText,ErrorText)),IF(C64,OKText,ErrorText))) -> OK | H64: TRUE | I64: =IF(ISBLANK(G64),"",IF(H64,OKText,IncompleteText)) | M64: 请将图片控制在此单元格范围内，并在单元格内填写TRUE Place the picture in this cell, and replace texts in this cell as 'True' | N64: 如果不是”导电”材料，本格留空 N/A if not conductive | O64: =IF(ISERROR(IF(L64="导电",IF(ISBLANK(N64),IncompleteText,IF(AND(M64,N64>=0.1*FuseNoiCur),OKText,ErrorText)),IF(M64,OKText,ErrorText))),"",IF(L64="导电",IF(ISBLANK(N64),IncompleteText,IF(AND(M64,N64>=0.1*FuseNoiCur),OKText,ErrorText)),IF(M64,OKText,ErrorText)))
A74: 电池箱 Accumulator | B74: 导电 Conductive | C74: TRUE | D74: 6 | E74: =IF(ISERROR(IF(B74="导电",IF(ISBLANK(D74),IncompleteText,IF(AND(C74,D74>=0.1*FuseNoiCur),OKText,ErrorText)),IF(C74,OKText,ErrorText))),IncompleteText,IF(B74="导电",IF(ISBLANK(D74),IncompleteText,IF(AND(C74,D74>=0.1*FuseNoiCur),OKText,ErrorText)),IF(C74,OKText,ErrorText))) -> OK | H74: TRUE | I74: =IF(ISBLANK(G74),"",IF(H74,OKText,IncompleteText)) | M74: 请将图片控制在此单元格范围内，并在单元格内填写TRUE Place the picture in this cell, and replace texts in this cell as 'True' | N74: 如果不是”导电”材料，本格留空 N/A if not conductive | O74: =IF(ISERROR(IF(L74="导电",IF(ISBLANK(N74),IncompleteText,IF(AND(M74,N74>=0.1*FuseNoiCur),OKText,ErrorText)),IF(M74,OKText,ErrorText))),"",IF(L74="导电",IF(ISBLANK(N74),IncompleteText,IF(AND(M74,N74>=0.1*FuseNoiCur),OKText,ErrorText)),IF(M74,OKText,ErrorText)))
A84: 电池箱通讯接插件 Accunulator communication connector | B84: 导电 Conductive | C84: TRUE | D84: 6 | E84: =IF(ISERROR(IF(B84="导电",IF(ISBLANK(D84),IncompleteText,IF(AND(C84,D84>=0.1*FuseNoiCur),OKText,ErrorText)),IF(C84,OKText,ErrorText))),IncompleteText,IF(B84="导电",IF(ISBLANK(D84),IncompleteText,IF(AND(C84,D84>=0.1*FuseNoiCur),OKText,ErrorText)),IF(C84,OKText,ErrorText))) -> OK | H84: TRUE | I84: =IF(ISBLANK(G84),"",IF(H84,OKText,IncompleteText)) | M84: 请将图片控制在此单元格范围内，并在单元格内填写TRUE Place the picture in this cell, and replace texts in this cell as 'True' | N84: 如果不是”导电”材料，本格留空 N/A if not conductive | O84: =IF(ISERROR(IF(L84="导电",IF(ISBLANK(N84),IncompleteText,IF(AND(M84,N84>=0.1*FuseNoiCur),OKText,ErrorText)),IF(M84,OKText,ErrorText))),"",IF(L84="导电",IF(ISBLANK(N84),IncompleteText,IF(AND(M84,N84>=0.1*FuseNoiCur),OKText,ErrorText)),IF(M84,OKText,ErrorText)))

Sheet 修订历史 Revision
A1: 修订历史 | B1: 说明 | C1: 规则版本 | D1: 日期
A2: v1.0 | B2: 首次发布 | C2: 2023 答题修订版 | D2: 45047
A3: v1.1 | B3: 发布版本 1.1 | C3: 2024 答题修订版 | D3: 45056
A4: v2.0 | B4: 2024双语版本 | C4: 2024规则 | D4: 45449
A5: v2.1 | B5: 适配规则 | C5: 2025规则 | D5: 45783
A6: v2.2 | B6: 适配规则 | C6: 2026规则 | D6: 46160
A7: v2.2.1 | B7: 格式更新 | C7: 2026规则 | D7: 46167
A8: v2.2.2 | B8: 格式更新 | C8: 2026规则 | D8: 46169
A9: v2.2.3 | B9: 格式更新 | C9: 2026规则 | D9: 46172
A10: v2.2.4 | B10: 新增驱动架构选择 | C10: 2026规则 | D10: 46181
